lin1,ZestYear 2015,ZestPrice 2015,ZestYear 2016,ZestPrice 2016,ZestYear 2017,ZestPrice 2017,ZestYear 2018,ZestPrice 2018,ZestYear 2019,ZestPrice 2019,ZestYear 2020,ZestPrice 2020
https://www.zillow.com/homedetails/1722-Latroy-Ave-Mount-Pleasant-SC-29464/88998517_zpid/,,,,,,,,,,,,
https://www.zillow.com/homedetails/1954-Sandy-Point-Ln-Mount-Pleasant-SC-29466/10938706_zpid/,2015,3200,Jan 2016,2200,Jan 2017,2400,Dec 2017,2600,Jan 2019,2300,Feb 2020,2200
https://www.zillow.com/homedetails/212-Haddrell-St-Mount-Pleasant-SC-29464/10922911_zpid/,2015,1800,Jan 2016,2200,Jan 2017,2300,Dec 2017,2400,Jan 2019,3000,Feb 2020,2900
https://www.zillow.com/homedetails/2483-River-Bluff-Ln-Mount-Pleasant-SC-29466/68356011_zpid/,2015,1900,Jan 2016,2100,Jan 2017,2200,Dec 2017,2300,Jan 2019,1900,Feb 2020,2000
https://www.zillow.com/homedetails/1444-Madison-Ct-Mount-Pleasant-SC-29466/10937780_zpid/,2015,1800,Jan 2016,1800,Jan 2017,2200,Dec 2017,2300,Jan 2019,2000,Feb 2020,2200
https://www.zillow.com/homedetails/201-Ban-St-Mount-Pleasant-SC-29464/10924372_zpid/,2015,,,,,,,,,,,
https://www.zillow.com/homedetails/285-S-Plaza-Ct-PENTHOUSE-10-Mount-Pleasant-SC-29464/2078391281_zpid/,2015,,,,,,,,,,,
https://www.zillow.com/homedetails/4440-Wando-Farms-Rd-Mount-Pleasant-SC-29429/122199145_zpid/,2015,,,,,,,,,,,
https://www.zillow.com/homedetails/1986-Sandy-Point-Ln-Mount-Pleasant-SC-29466/92383730_zpid/,2015,4500,Jan 2016,2700,Jan 2017,2900,Dec 2017,3600,Jan 2019,3300,Feb 2020,3200
https://www.zillow.com/homedetails/2744-Rush-Haven-Dr-Mount-Pleasant-SC-29466/110234400_zpid/,2015,2000,Jan 2016,1900,Jun 2017,1900,Jul 2018,3100,Jul 2019,2800,Listed for,2800
https://www.zillow.com/homedetails/47-Robert-Mills-Cir-Mount-Pleasant-SC-29464/99370678_zpid/,2015,1300,Oct 2015,1900,Oct 2016,2400,Sep 2017,2400,Sep 2018,2500,Sep 2019,2600
https://www.zillow.com/homedetails/136-Wando-Reach-Ct-Mount-Pleasant-SC-29464/80216372_zpid/,2015,2600,2016,3300,2017,2900,2018,3100,2019,2900,2020,2800
https://www.zillow.com/homedetails/178-Hobcaw-Dr-Mount-Pleasant-SC-29464/10921029_zpid/,2015,1200,Jan 2016,1900,Jan 2017,1700,Dec 2017,1700,Jan 2019,1700,Feb 2020,2600
https://www.zillow.com/homedetails/124-Wando-Reach-Ct-Mount-Pleasant-SC-29464/88980197_zpid/,2015,NA,,,,,,,,,,
https://www.zillow.com/homedetails/814-Pitt-St-Mount-Pleasant-SC-29464/10925201_zpid/,2015,684,Jan 2016,818,Jan 2017,1000,Dec 2017,1200,Jan 2019,1300,Feb 2020,1200
https://www.zillow.com/homedetails/202-Bennett-St-Mount-Pleasant-SC-29464/10923928_zpid/,2015,1400,Jan 2016,1500,Jan 2017,1600,Dec 2017,1800,Jan 2019,1700,Feb 2020,1800
https://www.zillow.com/homedetails/409-Church-St-Mount-Pleasant-SC-29464/10923930_zpid/,2015,1600,Jan 2016,1700,Jan 2017,1800,Dec 2017,2000,Jan 2019,2400,Feb 2020,2200
https://www.zillow.com/homedetails/1950-Sandy-Point-Ln-Mount-Pleasant-SC-29466/10938707_zpid/,2015,1300,,,,,,,,,,
https://www.zillow.com/homedetails/202-Pitt-St-Mount-Pleasant-SC-29464/10923907_zpid/,2015,1500,Jan 2016,1800,Jan 2017,1700,Dec 2017,1800,Jan 2019,2300,Listed for,2000
https://www.zillow.com/homedetails/821-Bridgetown-Pass-Mount-Pleasant-SC-29464/92386355_zpid/,2015,1400,Jan 2016,1400,Jan 2017,1700,Dec 2017,1600,Jan 2019,1500,Feb 2020,1500
https://www.zillow.com/homedetails/2978-River-Vista-Way-Mount-Pleasant-SC-29466/110225632_zpid/,2015,NA,Jan 2016,1500,Jan 2017,1600,Dec 2017,1600,Jan 2019,1500,Feb 2020,1700
https://www.zillow.com/homedetails/221-Queen-St-Mount-Pleasant-SC-29464/10924390_zpid/,2015,928,Sold for,1000,Jan 2017,1000,Dec 2017,1700,Jan 2019,1800,Feb 2020,1800
https://www.zillow.com/homedetails/85-5th-Ave-Mount-Pleasant-SC-29464/10921278_zpid/,2015,508,Jan 2016,522,Jan 2017,569,Dec 2017,627,Jan 2019,654,Listed for,652
https://www.zillow.com/homedetails/3944-Ashton-Shore-Ln-Mount-Pleasant-SC-29466/110211592_zpid/,2015,435,,,,,,,,,,
https://www.zillow.com/homedetails/948-Pitt-St-Mount-Pleasant-SC-29464/68018691_zpid/,2015,1300,Jan 2016,1400,Jan 2017,1500,Dec 2017,1600,Jan 2019,1700,Feb 2020,1700
https://www.zillow.com/homedetails/1416-Jacson-St-Mount-Pleasant-SC-29464/2081730249_zpid/,2015,NA,Oct 2015,NA,Oct 2016,NA,Sep 2017,NA,Sep 2018,NA,Sep 2019,NA
https://www.zillow.com/homedetails/23-Grace-Ln-Mount-Pleasant-SC-29464/55640678_zpid/,2015,1800,Jan 2016,1800,Jan 2017,2300,Dec 2017,1900,Jan 2019,1900,Feb 2020,2000
https://www.zillow.com/homedetails/2081-Shell-Ring-Cir-Mount-Pleasant-SC-29466/110208240_zpid/,2015,NA,Oct 2015,NA,Oct 2016,NA,Sep 2017,NA,Sold for,NA,Sep 2019,NA
https://www.zillow.com/homedetails/191-Harbour-Watch-Way-Mount-Pleasant-SC-29464/10921724_zpid/,2015,698,Jan 2016,766,Jan 2017,931,Dec 2017,998,Jan 2019,1000,Feb 2020,1100
https://www.zillow.com/homedetails/424-Greenwich-St-Mount-Pleasant-SC-29464/10924479_zpid/,2015,891,Jan 2016,1200,Jan 2017,1700,Dec 2017,1800,Jan 2019,1800,Listed for,2100
https://www.zillow.com/homedetails/178-N-Shelmore-Blvd-Mount-Pleasant-SC-29464/68394237_zpid/,2015,1400,Jan 2016,1600,Jan 2017,1600,Dec 2017,1600,Jan 2019,1600,Feb 2020,1800
https://www.zillow.com/homedetails/801-Pitt-St-Mount-Pleasant-SC-29464/10925184_zpid/,2015,529,Sold for,507,Oct 2016,529,Sep 2017,550,Sep 2018,736,Sep 2019,843
https://www.zillow.com/homedetails/175-E-Shipyard-Rd-Mount-Pleasant-SC-29464/52905322_zpid/,2015,1100,Jan 2016,1200,Jan 2017,1500,Dec 2017,1300,Jan 2019,1200,Feb 2020,1200
https://www.zillow.com/homedetails/179-E-Shipyard-Rd-Mount-Pleasant-SC-29464/52905323_zpid/,2015,1400,Jan 2016,1600,Jan 2017,1600,Dec 2017,1700,Jan 2019,1900,Listed for,1700
https://www.zillow.com/homedetails/174-N-Shelmore-Blvd-Mount-Pleasant-SC-29464/110213564_zpid/,2015,NA,,,,,,,,,,
https://www.zillow.com/homedetails/129-Ponsbury-Rd-Mount-Pleasant-SC-29464/55640731_zpid/,2015,1400,Jan 2016,1500,Jan 2017,1700,Dec 2017,1600,Jan 2019,1600,Feb 2020,1600
https://www.zillow.com/homedetails/4923-Sound-View-Dr-Mount-Pleasant-SC-29466/80211791_zpid/,2015,NA,,,,,,,,,,
https://www.zillow.com/homedetails/801-Harbour-Watch-Ct-Mount-Pleasant-SC-29464/88989825_zpid/,2015,1100,Jan 2016,1200,Jan 2017,1200,Dec 2017,1200,Jan 2019,1200,Feb 2020,1200
https://www.zillow.com/homedetails/920-Royall-Ave-Mount-Pleasant-SC-29464/10926230_zpid/,2015,1400,Jan 2016,1500,Jan 2017,1600,Dec 2017,1700,Jan 2019,1600,Feb 2020,1600
https://www.zillow.com/homedetails/58-Saturday-Rd-Mount-Pleasant-SC-29464/80212623_zpid/,2015,1100,Jan 2016,1200,Jan 2017,1400,Dec 2017,1300,Jan 2019,1400,Listed for,1400
https://www.zillow.com/homedetails/743-3rd-St-Mount-Pleasant-SC-29464/89000661_zpid/,2015,1400,Jan 2016,1800,Jan 2017,1700,Dec 2017,1600,Jan 2019,1600,Feb 2020,1700
https://www.zillow.com/homedetails/936-Mciver-St-Mount-Pleasant-SC-29464/68391500_zpid/,2015,894,Jul 2018,1200,Jul 2019,1200,Listed for,1500,,,,
https://www.zillow.com/homedetails/1162-Fulton-Hall-Ln-Mount-Pleasant-SC-29466/247524344_zpid/,2015,NA,Oct 2015,NA,Oct 2016,NA,Sep 2017,NA,Sep 2018,NA,Sep 2019,NA
https://www.zillow.com/homedetails/996-Law-Ln-Mount-Pleasant-SC-29464/10934211_zpid/,2015,344,Jan 2016,389,Jan 2017,335,Dec 2017,364,Jan 2019,375,Listed for,387
https://www.zillow.com/homedetails/317-Coinbow-Dr-Mount-Pleasant-SC-29464/10920899_zpid/,2015,990,Jan 2016,1100,Jan 2017,1300,Dec 2017,1300,Jan 2019,1400,Feb 2020,1600
https://www.zillow.com/homedetails/276-Copahee-Rd-Mount-Pleasant-SC-29464/10921128_zpid/,2015,1400,Dec 2017,930,Jan 2019,929,Feb 2020,1000,,,,
https://www.zillow.com/homedetails/258-Magwood-Ln-Mount-Pleasant-SC-29464/10922860_zpid/,2015,1100,Jan 2016,1100,Jan 2017,1200,Dec 2017,1500,Jan 2019,1500,Feb 2020,1300
https://www.zillow.com/homedetails/1708-Canyon-Oas-Dr-Mount-Pleasant-SC-29464/92385581_zpid/,2015,1200,Jan 2016,1200,Jan 2017,1200,Dec 2017,1200,Jan 2019,1300,Feb 2020,1300
https://www.zillow.com/homedetails/35-John-Galt-Way-Mount-Pleasant-SC-29464/88971516_zpid/,2015,1200,Jan 2016,1300,Jan 2017,1300,Dec 2017,1300,Jan 2019,1300,Feb 2020,1300
https://www.zillow.com/homedetails/2860-River-Vista-Way-Mount-Pleasant-SC-29466/110235420_zpid/,2015,1200,Jan 2016,1100,Jan 2017,1300,Dec 2017,1300,Jan 2019,1300,Listed for,1300
https://www.zillow.com/homedetails/1004-Mystic-Dr-Mount-Pleasant-SC-29464/63781559_zpid/,2015,887,Jan 2016,917,Jan 2017,986,Dec 2017,1300,Jan 2019,948,Feb 2020,985
https://www.zillow.com/homedetails/641-Palmetto-St-Mount-Pleasant-SC-29464/10924686_zpid/,2015,433,Jan 2016,464,Jan 2017,557,Dec 2017,617,Jan 2019,580,Sold for,559
https://www.zillow.com/homedetails/518-London-Bridge-Rd-Mount-Pleasant-SC-29464/10926252_zpid/,2015,465,Jan 2016,573,Jan 2017,683,Dec 2017,747,Jan 2019,776,Feb 2020,775
https://www.zillow.com/homedetails/1173-Fulton-Hall-Ln-Mount-Pleasant-SC-29466/2097923164_zpid/,2015,NA,,,,,,,,,,
https://www.zillow.com/homedetails/155-Wingo-Way-433-Mount-Pleasant-SC-29464/247522425_zpid/,2015,451,Jan 2016,379,Sold for,1200,Dec 2017,1100,Listed for,1300,,
https://www.zillow.com/homedetails/536-Island-Wal-W-Mount-Pleasant-SC-29464/68355919_zpid/,2015,1000,Jan 2016,1100,Jan 2017,1100,Dec 2017,1100,Jan 2019,1300,Feb 2020,1200
https://www.zillow.com/homedetails/2040-Ashburton-Way-Mount-Pleasant-SC-29466/82548435_zpid/,2015,1000,Sold for,1200,Jan 2017,1200,Dec 2017,1300,Jan 2019,1100,Feb 2020,1100
https://www.zillow.com/homedetails/548-Galera-Ln-Mount-Pleasant-SC-29464/102985446_zpid/,2015,1000,Jan 2016,920,Jan 2017,1000,Dec 2017,1200,Jan 2019,973,Feb 2020,1000
https://www.zillow.com/homedetails/236-S-Plaza-Ct-213-Mount-Pleasant-SC-29464/2078201972_zpid/,2015,NA,Oct 2015,NA,Oct 2016,NA,Sep 2017,NA,Sep 2018,NA,Sep 2019,NA
https://www.zillow.com/homedetails/1612-Marsh-Harbor-Ln-Mount-Pleasant-SC-29464/61473012_zpid/,2015,NA,,,,,,,,,,
https://www.zillow.com/homedetails/832-Marsh-Grove-Ave-Mount-Pleasant-SC-29464/88886812_zpid/,2015,918,Jan 2016,959,Jan 2017,968,Dec 2017,1100,Jan 2019,1200,Feb 2020,1100
https://www.zillow.com/homedetails/2836-Stay-Sail-Way-Mount-Pleasant-SC-29466/110231696_zpid/,2015,551,Jan 2016,676,Jan 2017,947,Dec 2017,1100,Jan 2019,1100,Feb 2020,1000
https://www.zillow.com/homedetails/3807-Sawyers-Island-Dr-Mount-Pleasant-SC-29466/2078969162_zpid/,2015,NA,Oct 2015,NA,Oct 2016,NA,Sep 2017,NA,Sep 2018,NA,Sep 2019,NA
https://www.zillow.com/homedetails/1408-Stratton-Pl-Mount-Pleasant-SC-29466/247532806_zpid/,2015,NA,Oct 2015,NA,Oct 2016,NA,Sep 2017,NA,Sep 2018,NA,Sep 2019,NA
https://www.zillow.com/homedetails/1212-Clonmel-Pl-Mount-Pleasant-SC-29464/247529010_zpid/,2015,474,,,,,,,,,,
https://www.zillow.com/homedetails/333-Evian-Way-Mount-Pleasant-SC-29464/82544431_zpid/,2015,780,Jan 2016,860,Jan 2017,838,Dec 2017,893,Jan 2019,919,Feb 2020,926
https://www.zillow.com/homedetails/425-Hobcaw-Dr-Mount-Pleasant-SC-29464/10921239_zpid/,2015,733,Jan 2016,753,Jan 2017,809,Dec 2017,891,Jan 2019,944,Feb 2020,929
https://www.zillow.com/homedetails/40-Montrose-Rd-Mount-Pleasant-SC-29464/82542813_zpid/,2015,872,Jan 2016,898,Jan 2017,955,Dec 2017,987,Jan 2019,1000,Listed for,1000
https://www.zillow.com/homedetails/2704-Oa-Manor-Dr-Mount-Pleasant-SC-29466/88986687_zpid/,2015,916,Jan 2016,938,Jan 2017,963,Dec 2017,1000,Jan 2019,1100,Feb 2020,1100
https://www.zillow.com/homedetails/1440-Madison-Ct-Mount-Pleasant-SC-29466/110231837_zpid/,2015,834,Jan 2016,875,Jan 2017,936,Dec 2017,1500,Jan 2019,1300,Listed for,1200
https://www.zillow.com/homedetails/209-N-Shelmore-Blvd-Mount-Pleasant-SC-29464/68394224_zpid/,2015,892,Jan 2016,892,Sold for,941,Dec 2017,1000,Jan 2019,1000,Feb 2020,1100
https://www.zillow.com/homedetails/238-Cooper-River-Dr-Mount-Pleasant-SC-29464/92385825_zpid/,2015,813,Jan 2016,876,Jan 2017,768,Dec 2017,918,Jan 2019,901,Feb 2020,895
https://www.zillow.com/homedetails/430-Channel-Cree-Ct-Mount-Pleasant-SC-29464/10929361_zpid/,2015,1100,Jan 2017,836,Dec 2017,860,Jan 2019,882,Feb 2020,1000,,
https://www.zillow.com/homedetails/1518-Menhaden-Ln-Mount-Pleasant-SC-29466/2090679386_zpid/,2015,NA,Oct 2015,NA,Oct 2016,NA,Sep 2017,NA,Sep 2018,NA,Sep 2019,NA
https://www.zillow.com/homedetails/1518-Menhaden-Ln-HOMESITE-104-Mount-Pleasant-SC-29466/2081090109_zpid/,2015,NA,Oct 2015,NA,Oct 2016,NA,Sep 2017,NA,Sep 2018,NA,Sep 2019,NA
https://www.zillow.com/homedetails/155-Wingo-Way-461-Mount-Pleasant-SC-29464/247523460_zpid/,2015,279,Jan 2016,314,Jan 2017,899,Dec 2017,960,Jan 2019,992,Feb 2020,975
https://www.zillow.com/homedetails/1551-Ben-Sawyer-Blvd-UNIT-6-Mount-Pleasant-SC-29464/2078020895_zpid/,2015,NA,Oct 2015,NA,Oct 2016,NA,Sep 2017,NA,Sep 2018,NA,Sep 2019,NA
https://www.zillow.com/homedetails/2749-Rush-Haven-Dr-Mount-Pleasant-SC-29466/80215095_zpid/,2015,862,Jan 2016,862,Jan 2017,952,Dec 2017,1000,Jan 2019,975,Feb 2020,986
https://www.zillow.com/homedetails/1551-Ben-Sawyer-Blvd-UNIT-6-Mount-Pleasant-SC-29464/2078020895_zpid/,2015,NA,Oct 2015,NA,Oct 2016,NA,Sep 2017,NA,Sep 2018,NA,Sep 2019,NA
https://www.zillow.com/homedetails/155-Wingo-Way-461-Mount-Pleasant-SC-29464/247523460_zpid/,2015,279,Jan 2016,314,Jan 2017,899,Dec 2017,960,Jan 2019,992,Feb 2020,975
https://www.zillow.com/homedetails/2749-Rush-Haven-Dr-Mount-Pleasant-SC-29466/80215095_zpid/,2015,862,Jan 2016,862,Jan 2017,952,Dec 2017,1000,Jan 2019,975,Feb 2020,986
https://www.zillow.com/homedetails/3803-Sawyers-Island-Dr-Mount-Pleasant-SC-29466/2078969163_zpid/,2015,NA,Oct 2015,NA,Oct 2016,NA,Sep 2017,NA,Sep 2018,NA,Sep 2019,NA
https://www.zillow.com/homedetails/72-Sowell-St-Mount-Pleasant-SC-29464/52905277_zpid/,2015,989,Jan 2016,1200,Jan 2017,1300,Dec 2017,806,Jan 2019,837,Feb 2020,1100
https://www.zillow.com/homedetails/87-Latitude-Ln-Mount-Pleasant-SC-29464/68392254_zpid/,2015,1400,Jan 2016,1500,Jan 2017,1600,Dec 2017,1700,Jan 2019,1700,Listed for,1300
https://www.zillow.com/homedetails/1778-Canyon-Oas-Dr-Mount-Pleasant-SC-29464/68391627_zpid/,2015,712,Jan 2016,795,Jan 2017,776,Dec 2017,826,Jul 2019,794,Aug 2020,1000
https://www.zillow.com/homedetails/403-Patjens-Ln-Mount-Pleasant-SC-29464/10924042_zpid/,2015,775,Jul 2018,850,Aug 2020,1000,Jul 2019,918,,,,
https://www.zillow.com/homedetails/736-Stucco-Ln-Mount-Pleasant-SC-29464/88983914_zpid/,2015,1000,Jan 2016,963,Jan 2017,1200,Dec 2017,1300,Jan 2019,1200,Feb 2020,1300
https://www.zillow.com/homedetails/1010-Laeview-Dr-Mount-Pleasant-SC-29464/10922528_zpid/,2015,530,Jan 2016,567,Jan 2017,579,Dec 2017,614,Jan 2019,714,Feb 2020,749
https://www.zillow.com/homedetails/1907-Bolden-Dr-Mount-Pleasant-SC-29466/2078046743_zpid/,2015,1000,Sep 2017,NA,Sep 2018,NA,Sep 2019,NA,,,,
https://www.zillow.com/homedetails/93-Jane-Jacobs-St-Mount-Pleasant-SC-29464/247524094_zpid/,2015,477,Jan 2016,578,Jan 2017,1000,Dec 2017,1100,Jan 2019,1100,Feb 2020,1200
https://www.zillow.com/homedetails/125-N-Plaza-Ct-Mount-Pleasant-SC-29464/68394180_zpid/,2015,818,Jan 2016,826,Jan 2017,733,Dec 2017,729,Jan 2019,810,Feb 2020,838
https://www.zillow.com/homedetails/1494-Menhaden-Ln-Mount-Pleasant-SC-29466/2081146331_zpid/,2015,NA,Oct 2015,NA,Oct 2016,NA,Sep 2017,NA,Sep 2018,NA,Sep 2019,NA
https://www.zillow.com/homedetails/1494-Menhaden-Ln-HOMESITE-109-Mount-Pleasant-SC-29466/2079745343_zpid/,2015,971,,,,,,,,,,
https://www.zillow.com/homedetails/2676-Crooed-Stic-Ln-Mount-Pleasant-SC-29466/88986842_zpid/,2015,925,Jan 2016,926,Jan 2017,935,Dec 2017,949,Jan 2019,962,Feb 2020,1000
https://www.zillow.com/homedetails/1494-Menhaden-Ln-HOMESITE-109-Mount-Pleasant-SC-29466/2079745343_zpid/,2015,971,,,,,,,,,,
https://www.zillow.com/homedetails/1493-Red-Tide-Rd-Mount-Pleasant-SC-29466/247527103_zpid/,2015,880,Jan 2016,NA,Jan 2017,NA,Dec 2017,787,Jan 2019,808,Feb 2020,838
https://www.zillow.com/homedetails/404-Morrison-St-Mount-Pleasant-SC-29464/10924029_zpid/,2015,216,Jan 2016,274,Jan 2017,352,Dec 2017,395,Jan 2019,499,Feb 2020,429
https://www.zillow.com/homedetails/1548-Red-Tide-Rd-Mount-Pleasant-SC-29466/247525228_zpid/,2015,NA,Oct 2015,NA,Oct 2016,NA,Sep 2017,NA,Sep 2018,NA,Sep 2019,NA
https://www.zillow.com/homedetails/805-Fiddlers-Point-Ln-Mount-Pleasant-SC-29464/68355870_zpid/,2015,746,Jan 2016,767,Jan 2017,915,Dec 2017,848,Jan 2019,873,Feb 2020,903
https://www.zillow.com/homedetails/387-Evian-Way-Mount-Pleasant-SC-29464/110217579_zpid/,2015,674,Jan 2016,902,Jan 2017,931,Dec 2017,1000,Jan 2019,1000,Feb 2020,1000
https://www.zillow.com/homedetails/1880-Cheroee-Rose-Cir-Mount-Pleasant-SC-29466/10939283_zpid/,2015,747,Jan 2016,788,Jan 2017,789,Dec 2017,870,Jan 2019,807,Listed for,775
https://www.zillow.com/homedetails/155-Wingo-Way-424-Mount-Pleasant-SC-29464/247524543_zpid/,2015,268,Jan 2016,280,Jan 2017,869,Dec 2017,928,Jan 2019,959,Feb 2020,950
https://www.zillow.com/homedetails/2708-Oa-Manor-Dr-Mount-Pleasant-SC-29466/80213556_zpid/,2015,747,Jan 2016,846,Jan 2017,872,Dec 2017,936,Jan 2019,945,Feb 2020,998
https://www.zillow.com/homedetails/2118-Shell-Ring-Cir-Mount-Pleasant-SC-29466/52906565_zpid/,2015,643,Jan 2016,695,Jan 2017,721,Dec 2017,676,Jan 2019,894,Feb 2020,862
https://www.zillow.com/homedetails/1919-Bolden-Dr-Mt-Pleasant-SC-29466/2081287380_zpid/,2015,NA,Oct 2015,NA,Oct 2016,NA,Sep 2017,NA,Sep 2018,NA,Sep 2019,NA
https://www.zillow.com/homedetails/1389-Scotts-Cree-Cir-Mount-Pleasant-SC-29464/110234858_zpid/,2015,NA,Oct 2015,NA,Oct 2016,NA,Sep 2017,NA,Sep 2018,NA,Sep 2019,NA
https://www.zillow.com/homedetails/3572-Henrietta-Hartford-Rd-Mount-Pleasant-SC-29466/68383113_zpid/,2015,720,Jan 2016,751,Jan 2017,781,Dec 2017,867,Jan 2019,825,Feb 2020,806
https://www.zillow.com/homedetails/2316-Buctail-Ct-Mount-Pleasant-SC-29466/247531072_zpid/,2015,NA,Oct 2015,NA,Oct 2016,NA,Sep 2017,NA,Sep 2018,NA,Sep 2019,NA
https://www.zillow.com/homedetails/1564-Home-Farm-Rd-Mount-Pleasant-SC-29464/10926816_zpid/,2015,867,Jan 2016,961,Jan 2017,1200,Dec 2017,1100,Jan 2019,1300,Feb 2020,1300
https://www.zillow.com/homedetails/399-Sirop-Ct-Mount-Pleasant-SC-29464/10921527_zpid/,2015,685,Jan 2016,757,Jan 2017,742,Dec 2017,760,Jan 2019,751,Feb 2020,759
https://www.zillow.com/homedetails/1360-Penshell-Pl-Mount-Pleasant-SC-29464/92382726_zpid/,2015,663,Jan 2016,674,Jan 2017,711,Dec 2017,760,Jan 2019,775,Feb 2020,758
https://www.zillow.com/homedetails/4074-Blacmoor-St-Mount-Pleasant-SC-29466/122139273_zpid/,2015,NA,Jan 2016,701,Jan 2017,727,Dec 2017,757,Jan 2019,755,Feb 2020,738
https://www.zillow.com/homedetails/3045-Pignatelli-Cres-Mount-Pleasant-SC-29466/68356026_zpid/,2015,891,Jan 2016,996,Jan 2017,968,Dec 2017,1100,Jan 2019,972,Feb 2020,994
https://www.zillow.com/homedetails/1837-Shell-Ring-Cir-Mount-Pleasant-SC-29466/52906591_zpid/,2015,777,Jan 2016,862,Jan 2017,773,Dec 2017,802,Jan 2019,811,Feb 2020,810
https://www.zillow.com/homedetails/336-Shoals-Dr-Mount-Pleasant-SC-29464/110229623_zpid/,2015,474,,,,,,,,,,
https://www.zillow.com/homedetails/1769-Greenspoint-Ct-Mount-Pleasant-SC-29466/68391703_zpid/,2015,862,Jan 2016,807,Jan 2017,882,Dec 2017,876,Jan 2019,902,Feb 2020,932
https://www.zillow.com/homedetails/251-S-Plaza-Ct-Mount-Pleasant-SC-29464/63781604_zpid/,2015,894,Jan 2016,851,Jan 2017,842,Dec 2017,938,Jan 2019,944,Feb 2020,920
https://www.zillow.com/homedetails/1204-Spottail-Ct-Mount-Pleasant-SC-29466/247527496_zpid/,2015,NA,Oct 2015,NA,Oct 2016,NA,Sep 2017,NA,Sep 2018,NA,Sep 2019,NA
https://www.zillow.com/homedetails/3580-Henrietta-Hartford-Rd-Mount-Pleasant-SC-29466/55641542_zpid/,2015,981,Jan 2016,1000,Jan 2017,1200,Dec 2017,1100,Jan 2019,994,Feb 2020,1100
https://www.zillow.com/homedetails/894-Tupelo-Bay-Dr-LOT-61-Mount-Pleasant-SC-29464/2078610353_zpid/,2015,NA,Oct 2015,NA,Oct 2016,NA,Sep 2017,NA,Sep 2018,NA,Sep 2019,NA
https://www.zillow.com/homedetails/1139-Fulton-Hall-Ln-Mount-Pleasant-SC-29466/247524491_zpid/,2015,415,Oct 2015,422,Oct 2016,309,Sep 2017,371,Sep 2018,895,Sold for,890
https://www.zillow.com/homedetails/2855-River-Vista-Way-Mount-Pleasant-SC-29466/92384512_zpid/,2015,992,Jan 2016,953,Jan 2017,880,Dec 2017,1100,Jan 2019,966,Feb 2020,974
https://www.zillow.com/homedetails/4902-Sound-View-Dr-Mount-Pleasant-SC-29466/110214815_zpid/,2015,435,,,,,,,,,,
https://www.zillow.com/homedetails/135-Ionsborough-St-Mount-Pleasant-SC-29464/80211517_zpid/,2015,636,Jan 2016,670,Jan 2017,744,Dec 2017,742,Jan 2019,754,Feb 2020,750
https://www.zillow.com/homedetails/155-Wingo-Way-414-Mount-Pleasant-SC-29464/2095868420_zpid/,2015,201,Jan 2016,496,Jan 2017,705,Dec 2017,754,Jan 2019,779,Feb 2020,853
https://www.zillow.com/homedetails/217-Church-St-Mount-Pleasant-SC-29464/10922853_zpid/,2015,453,Jan 2016,561,Jan 2017,529,Dec 2017,603,Jan 2019,718,Feb 2020,654
https://www.zillow.com/homedetails/1401-Lettered-Olive-Ln-Mount-Pleasant-SC-29464/110232306_zpid/,2015,592,Jan 2016,643,Jan 2017,668,Dec 2017,705,Jan 2019,734,Feb 2020,679
https://www.zillow.com/homedetails/1347-Old-Bricyard-Rd-Mount-Pleasant-SC-29466/10937769_zpid/,2015,610,Jan 2016,768,Jan 2017,637,Dec 2017,756,Jan 2019,704,Feb 2020,676
https://www.zillow.com/homedetails/1475-Mossy-Branch-Way-Mount-Pleasant-SC-29464/247524487_zpid/,2015,NA,Oct 2015,NA,Oct 2016,NA,Sold for,NA,Sep 2018,NA,Sep 2019,NA
https://www.zillow.com/homedetails/506-Hicory-Cv-Mount-Pleasant-SC-29464/10929099_zpid/,2015,737,,,,,,,,,,
https://www.zillow.com/homedetails/3813-Summerton-St-Mount-Pleasant-SC-29466/2079459739_zpid/,2015,NA,Oct 2015,NA,Oct 2016,NA,Sep 2017,NA,Sep 2018,NA,Sep 2019,NA
https://www.zillow.com/homedetails/1127-Harborgate-Dr-Mount-Pleasant-SC-29464/10922447_zpid/,2015,534,Jan 2016,597,Jan 2017,605,Dec 2017,708,Jan 2019,777,Feb 2020,1000
https://www.zillow.com/homedetails/347-Plantation-View-Ln-Mount-Pleasant-SC-29464/10929721_zpid/,2015,732,Jan 2016,744,Jan 2017,627,Dec 2017,684,Jan 2019,670,Feb 2020,700
https://www.zillow.com/homedetails/941-Mccants-Dr-Mount-Pleasant-SC-29464/10925784_zpid/,2015,536,,,,,,,,,,
https://www.zillow.com/homedetails/175-Civitas-St-Mount-Pleasant-SC-29464/52905300_zpid/,2015,591,Jan 2016,609,Jan 2017,728,Dec 2017,710,Jan 2019,727,Feb 2020,750
https://www.zillow.com/homedetails/2802-Oa-Manor-Dr-Mount-Pleasant-SC-29466/82540971_zpid/,2015,602,Jan 2016,611,Jan 2017,631,Dec 2017,678,Jan 2019,660,Feb 2020,663
https://www.zillow.com/homedetails/515-Ban-St-Mount-Pleasant-SC-29464/10924466_zpid/,2015,NA,Oct 2015,NA,Oct 2016,NA,Sep 2017,NA,Sold for,NA,Sep 2019,NA
https://www.zillow.com/homedetails/2624-Crooed-Stic-Ln-Mount-Pleasant-SC-29466/110212491_zpid/,2015,640,Sold for,845,Oct 2016,921,Sep 2018,881,Sep 2019,896,,
https://www.zillow.com/homedetails/2409-Old-Georgetown-Rd-Mount-Pleasant-SC-29466/125934890_zpid/,2015,427,Sold for,702,Jan 2017,724,Dec 2017,778,Jan 2019,853,Feb 2020,729
https://www.zillow.com/homedetails/3491-Colonel-Vanderhorst-Cir-Mount-Pleasant-SC-29466/10938996_zpid/,2015,635,Jan 2016,664,Jan 2017,644,Dec 2017,519,Jan 2019,537,Feb 2020,554
https://www.zillow.com/homedetails/2107-Sewee-Indian-Ct-Mount-Pleasant-SC-29466/10939271_zpid/,2015,808,Sold for,717,Jan 2017,705,Dec 2017,756,Jan 2019,782,Feb 2020,810
https://www.zillow.com/homedetails/2797-Hamlin-Beach-Rd-Mount-Pleasant-SC-29466/88986745_zpid/,2015,NA,,,,,,,,,,
https://www.zillow.com/homedetails/2230-Mother-Of-Pearl-Dr-Mount-Pleasant-SC-29466/247524256_zpid/,2015,NA,42278,NA,42644,NA,42979,NA,43344,NA,43709,NA
https://www.zillow.com/homedetails/3200-Sand-Marsh-Ln-Mount-Pleasant-SC-29466/61473823_zpid/,2015,667,Jan 2016,703,Jan 2017,763,Dec 2017,835,Jan 2019,788,Feb 2020,805
https://www.zillow.com/homedetails/4113-Colonel-Vanderhorst-Cir-Mount-Pleasant-SC-29466/10938798_zpid/,2015,686,Jan 2016,735,Jan 2017,762,Dec 2017,806,Jan 2019,757,Feb 2020,743
https://www.zillow.com/homedetails/1161-Fulton-Hall-Ln-Mount-Pleasant-SC-29466/247524186_zpid/,2015,435,,,,,,,,,,
https://www.zillow.com/homedetails/2250-Crab-Cree-Ct-Mount-Pleasant-SC-29466/110227496_zpid/,2015,435,,,,,,,,,,
https://www.zillow.com/homedetails/736-Gate-Post-Dr-Mount-Pleasant-SC-29464/61473028_zpid/,2015,550,Jan 2016,594,Jan 2017,616,Dec 2017,649,Jan 2019,682,Feb 2020,677
https://www.zillow.com/homedetails/4070-Blacmoor-St-Mount-Pleasant-SC-29466/122139205_zpid/,2015,721,Jan 2016,783,Jan 2017,731,Sold for,763,Jan 2019,794,Feb 2020,818
https://www.zillow.com/homedetails/1842-Shell-Ring-Cir-Mount-Pleasant-SC-29466/52906604_zpid/,2015,657,Jan 2016,665,Jan 2017,673,Dec 2017,690,Jan 2019,676,Feb 2020,692
https://www.zillow.com/homedetails/2040-Shell-Ring-Cir-Mount-Pleasant-SC-29466/52906613_zpid/,2015,750,Jan 2016,814,Jan 2017,738,Dec 2017,748,Jan 2019,673,Feb 2020,710
https://www.zillow.com/homedetails/4-William-St-Mount-Pleasant-SC-29464/10926202_zpid/,2015,391,Jan 2016,627,Jan 2017,790,Dec 2017,920,Jan 2019,855,Feb 2020,891
https://www.zillow.com/homedetails/1176-Peach-Baset-Ln-Mount-Pleasant-SC-29464/2080898259_zpid/,2015,NA,Oct 2015,NA,Oct 2016,NA,Sep 2017,NA,Sep 2018,NA,Sep 2019,NA
https://www.zillow.com/homedetails/2224-Syler-Dr-Mount-Pleasant-SC-29466/247522601_zpid/,2015,NA,Jan 2016,NA,Sold for,566,Jan 2019,586,Feb 2020,604,,
https://www.zillow.com/homedetails/2863-River-Vista-Way-Mount-Pleasant-SC-29466/110203365_zpid/,2015,NA,Oct 2015,NA,Oct 2016,NA,Sep 2017,NA,Sep 2018,NA,Sep 2019,NA
https://www.zillow.com/homedetails/2212-Branch-Cree-Dr-Mount-Pleasant-SC-29466/110202892_zpid/,2015,NA,Oct 2015,NA,Oct 2016,NA,Sep 2017,NA,Sep 2018,NA,Sep 2019,NA
https://www.zillow.com/homedetails/249-Indigo-Bay-Cir-Mount-Pleasant-SC-29464/61473192_zpid/,2015,675,Jan 2016,710,Jan 2017,727,Dec 2017,740,Jan 2019,764,Feb 2020,710
https://www.zillow.com/homedetails/3834-Fifle-St-Mount-Pleasant-SC-29466/125936152_zpid/,2015,550,Sold for,733,Jan 2017,757,Dec 2017,813,Jan 2019,820,Listed for,775
https://www.zillow.com/homedetails/2600-Crooed-Stic-Ln-Mount-Pleasant-SC-29466/88887659_zpid/,2015,686,Jan 2016,741,Jan 2017,800,Dec 2017,805,Jan 2019,786,Feb 2020,755
https://www.zillow.com/homedetails/3750-Sisseton-Ln-Mount-Pleasant-SC-29466/110207618_zpid/,2015,713,Jan 2016,725,Dec 2017,762,Jan 2019,783,Feb 2020,811,,
https://www.zillow.com/homedetails/827-Pitt-St-Mount-Pleasant-SC-29464/10925187_zpid/,2015,572,Jan 2016,610,Jan 2017,808,Dec 2017,861,Jan 2019,902,Sold for,856
https://www.zillow.com/homedetails/970-Lansing-Dr-Mount-Pleasant-SC-29464/10921866_zpid/,2015,424,Jan 2016,498,Jan 2017,517,Dec 2017,557,Jan 2019,649,Feb 2020,654
https://www.zillow.com/homedetails/1895-N-James-Gregarie-Rd-Mount-Pleasant-SC-29466/68383111_zpid/,2015,782,Jan 2016,734,Jan 2017,797,Dec 2017,771,Jan 2019,768,Sold for,772
https://www.zillow.com/homedetails/2601-iln-Cree-Cir-Mount-Pleasant-SC-29466/103861583_zpid/,2015,722,Jan 2016,707,Jan 2017,728,Dec 2017,782,Jan 2019,757,Feb 2020,830
https://www.zillow.com/homedetails/865-Tupelo-Bay-Dr-Mount-Pleasant-SC-29464/80214670_zpid/,2015,699,Jan 2016,716,Jan 2017,781,Dec 2017,757,Jan 2019,782,Feb 2020,762
https://www.zillow.com/homedetails/521-Center-St-Mount-Pleasant-SC-29464/10926239_zpid/,2015,436,Jan 2016,516,Jan 2017,583,Dec 2017,623,Jan 2019,644,Feb 2020,761
https://www.zillow.com/homedetails/874-Tupelo-Bay-Dr-Mount-Pleasant-SC-29464/80217184_zpid/,2015,642,Jan 2016,657,Jan 2017,737,Dec 2017,746,Jan 2019,767,Feb 2020,794
https://www.zillow.com/homedetails/1541-Menhaden-Ln-HOMESITE-97-Mount-Pleasant-SC-29466/2078398113_zpid/,2015,NA,Oct 2015,NA,Oct 2016,NA,Sep 2017,NA,Sep 2018,NA,Sep 2019,NA
https://www.zillow.com/homedetails/1541-Menhaden-Ln-Mount-Pleasant-SC-29466/2078521385_zpid/,2015,NA,Oct 2015,NA,Oct 2016,NA,Sep 2017,NA,Sep 2018,NA,Sep 2019,NA
https://www.zillow.com/homedetails/1560-Red-Tide-Rd-Mount-Pleasant-SC-29466/247532675_zpid/,2015,514,Oct 2015,653,Oct 2016,495,Sep 2017,570,Sep 2018,704,Sep 2019,718
https://www.zillow.com/homedetails/1530-Gemstone-Dr-Mount-Pleasant-SC-29464/2078733096_zpid/,2015,NA,Oct 2015,NA,Oct 2016,NA,Sep 2017,NA,Sep 2018,NA,Sep 2019,NA
https://www.zillow.com/homedetails/521-W-Rice-Planters-Ln-Mount-Pleasant-SC-29464/92384317_zpid/,2015,589,Jan 2016,670,Jan 2017,719,Dec 2017,727,Jan 2019,760,Feb 2020,728
https://www.zillow.com/homedetails/1096-Poplar-Tree-Dr-Mount-Pleasant-SC-29464/2080898257_zpid/,2015,NA,Oct 2015,NA,Oct 2016,NA,Sep 2017,NA,Sep 2018,NA,Sep 2019,NA
https://www.zillow.com/homedetails/1376-Founders-Way-Mount-Pleasant-SC-29464/247531029_zpid/,2015,511,Oct 2015,681,Oct 2016,379,Sep 2017,476,Sep 2018,735,Sep 2019,749
https://www.zillow.com/homedetails/1301-Founders-Way-Mount-Pleasant-SC-29464/2083335269_zpid/,2015,474,,,,,,,,,,
https://www.zillow.com/homedetails/1453-Appling-Dr-Mount-Pleasant-SC-29464/110212309_zpid/,2015,NA,Oct 2015,NA,Oct 2016,NA,Sep 2017,NA,Sep 2018,NA,Sep 2019,NA
https://www.zillow.com/homedetails/1330-Roddington-St-Mount-Pleasant-SC-29464/10933365_zpid/,2015,521,Jan 2016,575,Jan 2017,551,Dec 2017,613,Jan 2019,574,Feb 2020,653
https://www.zillow.com/homedetails/2103-Sewee-Indian-Ct-Mount-Pleasant-SC-29466/10939272_zpid/,2015,612,Jan 2016,654,Jan 2017,674,Dec 2017,694,Jan 2019,676,Feb 2020,654
https://www.zillow.com/homedetails/2961-Pignatelli-Cres-Mount-Pleasant-SC-29466/10938904_zpid/,2015,865,Jan 2016,875,Jan 2017,788,Dec 2017,840,Jan 2019,868,Feb 2020,754
https://www.zillow.com/homedetails/1589-Fort-Palmetto-Cir-Mount-Pleasant-SC-29466/247523826_zpid/,2015,NA,Oct 2015,NA,Oct 2016,NA,Sep 2017,508,Sep 2018,635,Sep 2019,648
https://www.zillow.com/homedetails/2822-Oa-Manor-Dr-Mount-Pleasant-SC-29466/80213560_zpid/,2015,595,Jan 2016,593,Jan 2017,609,Dec 2017,641,Jan 2019,646,Feb 2020,629
https://www.zillow.com/homedetails/1201-Max-Ln-Mount-Pleasant-SC-29466/2080160441_zpid/,2015,NA,Oct 2015,NA,Oct 2016,NA,Sep 2017,NA,Sep 2018,NA,Sep 2019,NA
https://www.zillow.com/homedetails/720-Hibbens-Grant-Blvd-Mount-Pleasant-SC-29464/61454319_zpid/,2015,538,Jan 2016,581,Jan 2017,588,Dec 2017,622,Jan 2019,619,Feb 2020,617
https://www.zillow.com/homedetails/2764-Oa-Manor-Dr-Mount-Pleasant-SC-29466/80211500_zpid/,2015,610,Jan 2016,656,Jan 2017,625,Dec 2017,643,Jan 2019,642,Feb 2020,632
https://www.zillow.com/homedetails/3062-Yachtsman-Dr-Mount-Pleasant-SC-29466/110233301_zpid/,2015,622,Jan 2016,699,Jan 2017,720,Dec 2017,680,Jan 2019,676,Feb 2020,679
https://www.zillow.com/homedetails/1375-Rivella-Dr-Mount-Pleasant-SC-29464/247528617_zpid/,2015,478,Oct 2015,636,Oct 2016,370,Sep 2017,459,Sep 2018,668,Sep 2019,697
https://www.zillow.com/homedetails/4069-Blacmoor-St-Mount-Pleasant-SC-29466/122140397_zpid/,2015,570,Sold for,643,Jan 2017,663,Dec 2017,712,Jan 2019,743,Listed for,725
https://www.zillow.com/homedetails/708-Hibbens-Grant-Blvd-Mount-Pleasant-SC-29464/61454898_zpid/,2015,596,Jan 2016,602,Jan 2017,627,Dec 2017,643,Jan 2019,650,Feb 2020,673
https://www.zillow.com/homedetails/15-Founders-Way-Mount-Pleasant-SC-29464/2084442553_zpid/,2015,474,,,,,,,,,,
https://www.zillow.com/homedetails/545-Cooper-Village-Ln-Mount-Pleasant-SC-29464/2081267929_zpid/,2015,708,,,,,,,,,,
https://www.zillow.com/homedetails/1317-Mcleans-Ct-Mount-Pleasant-SC-29466/55641153_zpid/,2015,666,Jan 2016,694,Jan 2017,703,Dec 2017,750,Jan 2019,743,Feb 2020,743
https://www.zillow.com/homedetails/85-Jane-Jacobs-St-Mount-Pleasant-SC-29464/110210577_zpid/,2015,612,,,,,,,,,,
https://www.zillow.com/homedetails/1453-Cotton-Bounty-Ct-Mount-Pleasant-SC-29466/68392546_zpid/,2015,568,Jan 2016,607,Jan 2017,693,Dec 2017,675,Jan 2019,685,Feb 2020,683
https://www.zillow.com/homedetails/1471-Brightwood-Dr-Mount-Pleasant-SC-29466/247522717_zpid/,2015,NA,Oct 2015,NA,Oct 2016,NA,Sep 2017,NA,Sep 2018,NA,Sep 2019,NA
https://www.zillow.com/homedetails/14-Founders-Way-Mount-Pleasant-SC-29464/2084442557_zpid/,2015,474,,,,,,,,,,
https://www.zillow.com/homedetails/403-Rice-Hope-Dr-Mount-Pleasant-SC-29464/10929992_zpid/,2015,589,,,,,,,,,,
https://www.zillow.com/homedetails/547-Cooper-Village-Ln-Mount-Pleasant-SC-29464/2081267928_zpid/,2015,NA,000ar 2017,NA,000ar 2018,NA,000ar 2019,NA,Apr 2020,741,,
https://www.zillow.com/homedetails/1561-epley-Dr-N-Mount-Pleasant-SC-29464/2079301024_zpid/,2015,NA,Oct 2015,NA,Oct 2016,NA,Sep 2017,NA,Sep 2018,NA,Sep 2019,NA
https://www.zillow.com/homedetails/1144-Pleasant-Pines-Rd-Mount-Pleasant-SC-29464/2081345032_zpid/,2015,NA,Oct 2015,NA,Oct 2016,NA,Sep 2017,NA,Sep 2018,NA,Sep 2019,NA
https://www.zillow.com/homedetails/3930-Colonel-Vanderhorst-Cir-Mount-Pleasant-SC-29466/10938870_zpid/,2015,589,Jan 2016,558,Jan 2017,578,Dec 2017,574,Jan 2019,592,Listed for,625
https://www.zillow.com/homedetails/3675-Coastal-Crab-Rd-Mount-Pleasant-SC-29466/88973154_zpid/,2015,707,Jan 2016,664,Sold for,708,Dec 2017,733,Jan 2019,753,Feb 2020,780
https://www.zillow.com/homedetails/1495-eshi-Pearl-Dr-Mount-Pleasant-SC-29466/125935317_zpid/,2015,563,Jan 2016,612,Jan 2017,630,Dec 2017,676,Jan 2019,711,Listed for,728
https://www.zillow.com/homedetails/488-Triple-Oa-Dr-Mount-Pleasant-SC-29466/89006524_zpid/,2015,675,Jan 2016,733,Jan 2017,752,Dec 2017,768,Jan 2019,774,Feb 2020,740
https://www.zillow.com/homedetails/13-Founders-Way-Mount-Pleasant-SC-29464/2084442555_zpid/,2015,474,,,,,,,,,,
https://www.zillow.com/homedetails/356-7th-Ave-Mount-Pleasant-SC-29464/10921376_zpid/,2015,421,Jan 2016,507,Jan 2017,579,Dec 2017,737,Jan 2019,753,Feb 2020,679
https://www.zillow.com/homedetails/3489-Saltflat-Ln-Mount-Pleasant-SC-29466/247524142_zpid/,2015,493,Oct 2015,629,Oct 2016,386,Sep 2017,605,Sep 2018,639,Sep 2019,651
https://www.zillow.com/homedetails/2576-John-Boone-Ct-Mount-Pleasant-SC-29466/52906298_zpid/,2015,663,Jan 2016,685,Jan 2017,744,Dec 2017,805,Jan 2019,763,Feb 2020,774
https://www.zillow.com/homedetails/915-Royall-Ave-Mount-Pleasant-SC-29464/10926220_zpid/,2015,480,Jan 2016,601,Jan 2017,647,Dec 2017,678,Jan 2019,699,Feb 2020,698
https://www.zillow.com/homedetails/1551-Ben-Sawyer-Blvd-UNIT-5E-Mount-Pleasant-SC-29464/2079026186_zpid/,2015,NA,Oct 2015,NA,Oct 2016,NA,Sep 2017,NA,Sep 2018,NA,Sep 2019,NA
https://www.zillow.com/homedetails/873-Tupelo-Bay-Dr-Mount-Pleasant-SC-29464/80216399_zpid/,2015,621,Jan 2016,672,Jan 2017,697,Dec 2017,665,Jan 2019,673,Feb 2020,696
https://www.zillow.com/homedetails/286-N-Shelmore-Blvd-Mount-Pleasant-SC-29464/61473064_zpid/,2015,587,Jan 2016,586,Jan 2017,666,Dec 2017,648,Jan 2019,673,Feb 2020,739
https://www.zillow.com/homedetails/3548-Hartford-Village-Way-Mount-Pleasant-SC-29466/10938896_zpid/,2015,583,Jan 2016,585,Jan 2017,569,Dec 2017,544,Jan 2019,579,Feb 2020,541
https://www.zillow.com/homedetails/3628-Maidstone-Dr-Mount-Pleasant-SC-29466/110215963_zpid/,2015,520,Jan 2016,564,Jan 2017,584,Dec 2017,584,Jan 2019,582,Feb 2020,656
https://www.zillow.com/homedetails/31-Mises-St-Mount-Pleasant-SC-29464/110229585_zpid/,2015,431,Jan 2016,519,Jan 2017,536,Dec 2017,576,Jan 2019,565,Feb 2020,582
https://www.zillow.com/homedetails/1551-Ben-Sawyer-Blvd-UNIT-45-Mount-Pleasant-SC-29464/10926621_zpid/,2015,427,Sold for,465,Jan 2017,486,Dec 2017,521,Jan 2019,539,Feb 2020,644
https://www.zillow.com/homedetails/1732-W-Canning-Dr-Mount-Pleasant-SC-29466/88966977_zpid/,2015,583,Jan 2016,648,Jan 2017,687,Dec 2017,665,Jan 2019,684,Feb 2020,663
https://www.zillow.com/homedetails/3762-Sawyers-Island-Dr-Mount-Pleasant-SC-29466/2078751393_zpid/,2015,NA,Oct 2015,NA,Oct 2016,NA,Sep 2017,NA,Sep 2018,NA,Sep 2019,NA
https://www.zillow.com/homedetails/2197-Hartfords-Bluff-Cir-Mount-Pleasant-SC-29466/10938554_zpid/,2015,536,,,,,,,,,,
https://www.zillow.com/homedetails/12-Founders-Way-Mount-Pleasant-SC-29464/2084442558_zpid/,2015,474,,,,,,,,,,
https://www.zillow.com/homedetails/525-Chimney-Bluff-Dr-Mount-Pleasant-SC-29464/10929120_zpid/,2015,516,Jan 2016,512,Jan 2017,543,Dec 2017,568,Jan 2019,583,Feb 2020,597
https://www.zillow.com/homedetails/2147-Annie-Laura-Ln-Mount-Pleasant-SC-29466/2092963136_zpid/,2015,NA,Oct 2015,NA,Oct 2016,NA,Sep 2017,NA,Sep 2018,NA,Sep 2019,NA
https://www.zillow.com/homedetails/1480-Pine-Island-Vw-Mount-Pleasant-SC-29464/10933630_zpid/,2015,422,Jan 2016,485,Jan 2017,500,Dec 2017,534,Jan 2019,520,Feb 2020,539
https://www.zillow.com/homedetails/721-Oa-Marsh-Dr-Mount-Pleasant-SC-29464/10932849_zpid/,2015,490,Jan 2016,577,Jan 2017,603,Dec 2017,621,Jan 2019,614,Feb 2020,617
https://www.zillow.com/homedetails/1189-Ayers-Plantation-Way-Mount-Pleasant-SC-29466/122138715_zpid/,2015,500,Jan 2016,473,Jan 2017,489,Dec 2017,526,Jan 2019,553,Feb 2020,571
https://www.zillow.com/homedetails/1860-W-Canning-Dr-Mount-Pleasant-SC-29466/82541893_zpid/,2015,582,Jan 2016,625,Jan 2017,611,Dec 2017,650,Jan 2019,627,Listed for,620
https://www.zillow.com/homedetails/2970-Pignatelli-Cres-Mount-Pleasant-SC-29466/10938981_zpid/,2015,594,Jan 2016,645,Sold for,616,Dec 2017,657,Jan 2019,676,Feb 2020,705
https://www.zillow.com/homedetails/1847-Delacourt-Ave-Mount-Pleasant-SC-29466/92382278_zpid/,Dec 2014,680,Jan 2016,643,Jan 2017,598,Dec 2017,657,Jan 2019,614,Feb 2020,618
https://www.zillow.com/homedetails/1181-Welcome-Dr-Mount-Pleasant-SC-29464/2085516365_zpid/,Today,474,,,,,,,,,,
https://www.zillow.com/homedetails/11-Founders-Way-Mount-Pleasant-SC-29464/2084442554_zpid/,Today,474,,,,,,,,,,
https://www.zillow.com/homedetails/2750-Rifle-Range-Rd-Mount-Pleasant-SC-29466/10937694_zpid/,Listed for,NA,Jul 2018,NA,Feb 2020,NA,,,,,,
https://www.zillow.com/homedetails/1501-W-Palmetto-Fort-Dr-Mount-Pleasant-SC-29466/68355991_zpid/,Today,647,Jul 2016,429,Jun 2017,485,Jul 2018,495,Jul 2019,493,Aug 2020,646
https://www.zillow.com/homedetails/10-Founders-Way-Mount-Pleasant-SC-29464/2084442556_zpid/,Today,474,Oct 2016,443,,,,,,,,
https://www.zillow.com/homedetails/1820-S-James-Gregarie-Rd-Mount-Pleasant-SC-29466/82545696_zpid/,Dec 2014,617,Jan 2016,665,Jan 2017,638,Dec 2017,655,Jan 2019,623,Feb 2020,661
https://www.zillow.com/homedetails/1609-Sewee-Fort-Rd-Mount-Pleasant-SC-29466/80212933_zpid/,Today,647,Jan 2017,606,Dec 2017,642,Jan 2019,616,Feb 2020,616,,
https://www.zillow.com/homedetails/1551-Ben-Sawyer-Blvd-UNIT-25-Mount-Pleasant-SC-29464/2079212975_zpid/,Oct 2014,NA,Oct 2015,NA,Oct 2016,NA,Sep 2017,NA,Sep 2018,NA,Sep 2019,NA
https://www.zillow.com/homedetails/1608-Sewee-Fort-Rd-Mount-Pleasant-SC-29466/55641521_zpid/,Dec 2014,521,Jan 2016,586,Jan 2017,598,Dec 2017,608,Jan 2019,616,Listed for,612
https://www.zillow.com/homedetails/22-Joyce-Ave-Mount-Pleasant-SC-29464/10927825_zpid/,Dec 2014,368,Jan 2016,426,Jan 2017,438,Dec 2017,471,Jan 2019,508,Feb 2020,520
https://www.zillow.com/homedetails/1924-Carolina-Towne-Ct-Mount-Pleasant-SC-29464/125936641_zpid/,Dec 2014,414,Jan 2016,284,Jan 2017,649,Dec 2017,632,Jan 2019,653,Feb 2020,599
https://www.zillow.com/homedetails/925-Jac-Snipe-Ln-Mount-Pleasant-SC-29464/10924331_zpid/,Dec 2014,315,Jan 2016,384,Jan 2017,405,Dec 2017,430,Jan 2019,461,Listed for,454
https://www.zillow.com/homedetails/3624-Tidal-Flat-Cir-Mount-Pleasant-SC-29466/2078520411_zpid/,Listed for,637,,,,,,,,,,
https://www.zillow.com/homedetails/1063-Plantation-Ln-Mount-Pleasant-SC-29464/10930413_zpid/,Dec 2014,510,Jan 2016,543,Jan 2017,561,Dec 2017,603,Jan 2019,562,Feb 2020,563
https://www.zillow.com/homedetails/3026-Monhegan-Way-Mount-Pleasant-SC-29466/122139131_zpid/,Dec 2014,577,Jan 2016,598,Jan 2017,567,Dec 2017,606,Jan 2019,625,Feb 2020,648
https://www.zillow.com/homedetails/429-Commonwealth-Rd-Mount-Pleasant-SC-29466/10939338_zpid/,Dec 2014,421,Jan 2016,439,Jan 2017,450,Dec 2017,482,Jan 2019,475,Feb 2020,456
https://www.zillow.com/homedetails/3624-Tidal-Flat-Cir-HOMESITE-121-Mount-Pleasant-SC-29466/2078398114_zpid/,Oct 2014,NA,Oct 2015,NA,Oct 2016,NA,Sep 2017,NA,Sep 2018,NA,Sep 2019,NA
https://www.zillow.com/homedetails/1883-Carolina-Towne-Ct-Mount-Pleasant-SC-29464/238178945_zpid/,Dec 2014,NA,Jan 2016,NA,Jan 2017,NA,Dec 2017,583,Jan 2019,604,Feb 2020,622
https://www.zillow.com/homedetails/425-ing-St-APT-A-Mount-Pleasant-SC-29464/2103048818_zpid/,Oct 2013,304,,,,,,,,,,
https://www.zillow.com/homedetails/705-Preservation-Pl-Mount-Pleasant-SC-29464/10932712_zpid/,Sold for,471,Jan 2016,484,Jan 2017,502,Dec 2017,540,Jan 2019,554,Feb 2020,558
https://www.zillow.com/homedetails/712-Preservation-Pl-Mount-Pleasant-SC-29464/10932705_zpid/,Dec 2014,452,Jan 2016,491,Jan 2017,492,Dec 2017,541,Jan 2019,519,Feb 2020,506
https://www.zillow.com/homedetails/1725-James-Basford-Pl-Mount-Pleasant-SC-29466/68391025_zpid/,Dec 2014,501,Jan 2016,566,Jan 2017,558,Dec 2017,555,Jan 2019,572,Feb 2020,591
https://www.zillow.com/homedetails/1445-Sheepshead-Ln-Mount-Pleasant-SC-29466/2078589237_zpid/,Oct 2014,NA,Oct 2015,NA,Oct 2016,NA,Sep 2017,NA,Sep 2018,NA,Sep 2019,NA
https://www.zillow.com/homedetails/1445-Sheepshead-Ln-HOMESITE-78-Mount-Pleasant-SC-29466/2078517566_zpid/,Oct 2014,NA,Oct 2015,NA,Oct 2016,NA,Sep 2017,NA,Sep 2018,NA,Sep 2019,NA
https://www.zillow.com/homedetails/3539-Bayden-Bridge-Ln-Mount-Pleasant-SC-29466/2079496512_zpid/,Today,602,Apr 2015,NA,,,,,,,,
https://www.zillow.com/homedetails/2613-Larch-Ln-Mount-Pleasant-SC-29466/2085735565_zpid/,Today,435,Oct 2015,414,,,,,,,,
https://www.zillow.com/homedetails/4045-Maidstone-Dr-Mount-Pleasant-SC-29466/2079347883_zpid/,Today,592,Oct 2015,NA,Oct 2016,NA,Sep 2017,NA,Mar 2019,NA,Apr 2020,NA
https://www.zillow.com/homedetails/1520-Lorenzo-St-2-Mount-Pleasant-SC-29464/2081207112_zpid/,Oct 2014,NA,Oct 2015,NA,Oct 2016,NA,Sep 2017,NA,Sep 2018,NA,Sep 2019,NA
https://www.zillow.com/homedetails/1520-Lorenzo-St-APT-A-Mount-Pleasant-SC-29464/2081211464_zpid/,Today,580,Apr 2015,NA,Sep 2019,NA,,,,,,
https://www.zillow.com/homedetails/1312-Parton-Rd-Mount-Pleasant-SC-29464/68395183_zpid/,Dec 2014,464,Jan 2016,517,Sold for,480,Dec 2017,496,Jan 2019,510,Feb 2020,528
https://www.zillow.com/homedetails/1213-Sharpestowne-Ct-Mount-Pleasant-SC-29466/126055521_zpid/,Dec 2014,587,Jan 2016,580,Jan 2017,445,Dec 2017,612,Jan 2019,605,Listed for,601
https://www.zillow.com/homedetails/1255-Weather-Helm-Dr-Mount-Pleasant-SC-29466/247522218_zpid/,Dec 2014,NA,Sold for,NA,Jan 2017,NA,Dec 2017,555,Jan 2019,534,Feb 2020,577
https://www.zillow.com/homedetails/1522-Periwinle-Dr-Mount-Pleasant-SC-29466/10942210_zpid/,Dec 2014,412,Jan 2016,478,Jan 2017,473,Dec 2017,471,Jan 2019,498,Feb 2020,491
https://www.zillow.com/homedetails/2011-Retreat-Lndg-Mount-Pleasant-SC-29464/10929757_zpid/,Dec 2014,457,Jan 2016,494,Jan 2017,512,Dec 2017,506,Jan 2019,515,Feb 2020,506
https://www.zillow.com/homedetails/1541-Oalanding-Rd-Mount-Pleasant-SC-29464/10933613_zpid/,Dec 2014,433,Jan 2016,490,Jan 2017,534,Dec 2017,563,Jan 2019,553,Feb 2020,574
https://www.zillow.com/homedetails/3514-Saltflat-Ln-Mount-Pleasant-SC-29466/247531073_zpid/,Listed for,587,,,,,,,,,,
https://www.zillow.com/homedetails/928-Pitt-St-Mount-Pleasant-SC-29464/10926212_zpid/,Oct 2014,NA,Oct 2015,NA,Oct 2016,NA,Sep 2017,NA,Sep 2018,NA,Sep 2019,NA
https://www.zillow.com/homedetails/155-Wingo-Way-412-Mount-Pleasant-SC-29464/247523832_zpid/,Dec 2014,NA,Jan 2016,NA,Jan 2017,NA,Dec 2017,519,Jan 2019,536,Listed for,556
https://www.zillow.com/homedetails/3705-Marsh-Hen-Dr-Mount-Pleasant-SC-29466/2078252148_zpid/,Oct 2014,NA,Oct 2015,NA,Oct 2016,NA,Sep 2017,NA,Sep 2018,NA,Sep 2019,NA
https://www.zillow.com/homedetails/1551-Ben-Sawyer-Blvd-UNIT-2F-Mount-Pleasant-SC-29464/2078038167_zpid/,Oct 2014,NA,Oct 2015,NA,Oct 2016,NA,Sep 2017,NA,Sep 2018,NA,Sep 2019,NA
https://www.zillow.com/homedetails/4425-Downing-Place-Way-Mount-Pleasant-SC-29466/62990044_zpid/,Dec 2014,435,Jan 2016,465,Jan 2017,509,Sold for,507,Jan 2019,525,Feb 2020,542
https://www.zillow.com/homedetails/1510-Old-Rivers-Gate-Rd-Mount-Pleasant-SC-29466/125936051_zpid/,Sold for,442,Jan 2016,469,Jan 2017,483,Dec 2017,519,Jan 2019,515,Feb 2020,507
https://www.zillow.com/homedetails/1553-Guilford-Ct-Mount-Pleasant-SC-29466/61473842_zpid/,Dec 2014,439,Jan 2016,482,Jan 2017,465,Dec 2017,495,Jan 2019,497,Feb 2020,506
https://www.zillow.com/homedetails/4003-Maidstone-Dr-Mount-Pleasant-SC-29466/2078875801_zpid/,Listed for,435,,,,,,,,,,
https://www.zillow.com/homedetails/3514-Saltflat-Ln-HOMESITE-23-Mount-Pleasant-SC-29466/2078159080_zpid/,Oct 2014,NA,Oct 2015,NA,Oct 2016,NA,Sep 2017,NA,Sep 2018,NA,Sep 2019,NA
https://www.zillow.com/homedetails/2609-Larch-Ln-Mount-Pleasant-SC-29466/2094390018_zpid/,Today,435,,,,,,,,,,
https://www.zillow.com/homedetails/1641-Florentia-St-Mount-Pleasant-SC-29464/2079254386_zpid/,Listed for,474,,,,,,,,,,
https://www.zillow.com/homedetails/2036-Amenity-Par-Dr-Mount-Pleasant-SC-29466/122228192_zpid/,Sold for,NA,Jan 2016,502,Jan 2017,520,Dec 2017,569,Jan 2019,559,Feb 2020,539
https://www.zillow.com/homedetails/1451-Crane-Cree-Dr-Mount-Pleasant-SC-29466/110202736_zpid/,Dec 2014,NA,Jan 2016,486,Jan 2017,504,Dec 2017,480,Jan 2019,475,Feb 2020,476
https://www.zillow.com/homedetails/751-Sinlea-Ave-Mount-Pleasant-SC-29464/10925464_zpid/,Dec 2014,380,Jan 2016,456,Jan 2017,504,Dec 2017,577,Jan 2019,557,Feb 2020,596
https://www.zillow.com/homedetails/1527-Macoma-Dr-Mount-Pleasant-SC-29466/88966642_zpid/,Dec 2014,339,Jan 2016,354,Jan 2017,368,Dec 2017,391,Jan 2019,389,Feb 2020,384
https://www.zillow.com/homedetails/995-Law-Ln-Mount-Pleasant-SC-29464/10934219_zpid/,Dec 2014,331,Jan 2016,351,Jan 2017,368,Sold for,335,Jan 2019,520,Feb 2020,537
https://www.zillow.com/homedetails/545-Hidden-Blvd-Mount-Pleasant-SC-29464/10928907_zpid/,Dec 2014,413,Jan 2016,408,Jan 2017,432,Dec 2017,471,Jan 2019,452,Feb 2020,465
https://www.zillow.com/homedetails/2920-Tranquility-Rd-Mount-Pleasant-SC-29466/247530347_zpid/,Oct 2014,375,Oct 2015,338,Oct 2016,237,Sep 2017,295,Sold for,471,Sep 2019,493
https://www.zillow.com/homedetails/3575-Bacshore-Dr-Mount-Pleasant-SC-29466/247524841_zpid/,Oct 2014,NA,Oct 2015,NA,Oct 2016,NA,Sep 2017,NA,Sep 2018,NA,Sep 2019,NA
https://www.zillow.com/homedetails/1225-Gatch-Ct-16-Mount-Pleasant-SC-29464/2082473318_zpid/,Oct 2014,NA,Oct 2015,NA,Oct 2016,NA,Sep 2017,NA,Sep 2018,NA,Listed for,NA
https://www.zillow.com/homedetails/2820-Colonnade-Dr-Mount-Pleasant-SC-29466/52906338_zpid/,Dec 2014,405,Jan 2016,421,Jan 2017,451,Sold for,480,Jan 2019,498,Feb 2020,513
https://www.zillow.com/homedetails/1219-Gatch-Ct-18-Mount-Pleasant-SC-29464/2078015414_zpid/,Oct 2014,NA,Oct 2015,NA,Mar 2017,NA,Mar 2018,NA,Sep 2019,NA,,
https://www.zillow.com/homedetails/926-Pitt-St-Mount-Pleasant-SC-29464/10926211_zpid/,Dec 2014,476,Jan 2016,579,Jan 2017,801,Dec 2017,764,Jan 2019,1.2M,Feb 2020,960
https://www.zillow.com/homedetails/1805-Sandy-Broo-Dr-Mount-Pleasant-SC-29466/2078757495_zpid/,Oct 2014,NA,Oct 2015,NA,Oct 2016,NA,Sep 2017,NA,Sep 2018,NA,Sep 2019,NA
https://www.zillow.com/homedetails/1739-Sandybroo-Dr-Mount-Pleasant-SC-29466/2078880131_zpid/,Oct 2014,NA,Oct 2015,NA,Oct 2016,NA,Sep 2017,NA,Sep 2018,NA,Sep 2019,NA
https://www.zillow.com/homedetails/1633-Florentia-St-Mount-Pleasant-SC-29464/2078594244_zpid/,Today,503,,,,,,,,,,
https://www.zillow.com/homedetails/2906-Clearwater-Dr-Mt-Pleasant-SC-29466/2087578023_zpid/,Oct 2014,NA,Oct 2015,NA,Oct 2016,NA,Sep 2017,NA,Sep 2018,NA,Sep 2019,NA
https://www.zillow.com/homedetails/1136-Cultivator-St-Mt-Pleasant-SC-29466/2082185472_zpid/,Oct 2014,NA,Oct 2015,NA,Oct 2016,NA,Sep 2017,NA,Sep 2018,NA,Listed for,NA
https://www.zillow.com/homedetails/1202-Gatch-Ct-2-Mount-Pleasant-SC-29464/2081696084_zpid/,Oct 2014,NA,Oct 2015,NA,Oct 2016,NA,Sep 2017,NA,Sep 2018,NA,Sep 2019,NA
https://www.zillow.com/homedetails/1721-Rivertowne-Country-Club-Dr-Mount-Pleasant-SC-29466/55641292_zpid/,Dec 2014,455,Jan 2016,490,Jan 2017,508,Dec 2017,474,Jan 2019,481,Sold for,455
https://www.zillow.com/homedetails/200-Red-not-Ln-Mount-Pleasant-SC-29464/247525135_zpid/,Oct 2014,412,Oct 2015,353,Oct 2016,259,Sep 2017,419,Sep 2018,442,Sep 2019,450
https://www.zillow.com/homedetails/1971-Palmetto-Isle-Dr-Mount-Pleasant-SC-29466/68392445_zpid/,Dec 2014,395,Jan 2016,429,Jan 2017,445,Dec 2017,473,Jan 2019,491,Feb 2020,449
https://www.zillow.com/homedetails/1645-Florentia-St-Mount-Pleasant-SC-29464/2079254382_zpid/,Today,499,,,,,,,,,,
https://www.zillow.com/homedetails/1219-Schirmer-Ave-Mount-Pleasant-SC-29464/247529338_zpid/,Oct 2014,NA,Oct 2015,NA,Oct 2016,NA,Sep 2017,NA,Sep 2018,NA,Sep 2019,NA
https://www.zillow.com/homedetails/1215-Schirmer-Ave-Mount-Pleasant-SC-29464/247525268_zpid/,Oct 2014,NA,Oct 2015,NA,Oct 2016,NA,Sep 2017,NA,Sep 2018,NA,Sep 2019,NA
https://www.zillow.com/homedetails/2029-Grey-Marsh-Rd-Mount-Pleasant-SC-29466/89007070_zpid/,Dec 2014,477,Jan 2016,522,Jan 2017,514,Dec 2017,514,Jan 2019,471,Feb 2020,466
https://www.zillow.com/homedetails/2109-Tall-Grass-Cir-Mount-Pleasant-SC-29466/62990101_zpid/,Dec 2014,417,Jan 2016,437,Jan 2017,450,Dec 2017,483,Jan 2019,451,Feb 2020,455
https://www.zillow.com/homedetails/3238-Heathland-Way-Mount-Pleasant-SC-29466/10939920_zpid/,Dec 2014,387,Jan 2016,419,Jan 2017,435,Dec 2017,477,Jan 2019,489,Feb 2020,487
https://www.zillow.com/homedetails/1322-Old-Ivy-Way-Mount-Pleasant-SC-29466/10938415_zpid/,Dec 2014,365,Jan 2016,402,Jan 2017,434,Dec 2017,439,Jan 2019,442,Feb 2020,444
https://www.zillow.com/homedetails/1161-Penderlee-Ct-Mount-Pleasant-SC-29466/2078417034_zpid/,Oct 2014,NA,Oct 2015,NA,Oct 2016,NA,Sep 2017,NA,Sep 2018,NA,Sep 2019,NA
https://www.zillow.com/homedetails/3860-Tupelo-Branch-Row-Awendaw-SC-29429/2078050194_zpid/,Listed for,475,Mar 2019,NA,,,,,,,,
https://www.zillow.com/homedetails/1111-Harborgate-Dr-Mount-Pleasant-SC-29464/10922453_zpid/,Listed for,517,Jun 2017,461,Jul 2019,538,,,,,,
https://www.zillow.com/homedetails/3421-Fairwater-Pl-Mount-Pleasant-SC-29466/247524664_zpid/,Today,468,Mar 2018,NA,Mar 2019,NA,Apr 2020,NA,,,,
https://www.zillow.com/homedetails/1171-Lazy-Ln-Mount-Pleasant-SC-29464/2146117038_zpid/,Listed for,469,Dec 2017,398,Jan 2019,409,Feb 2020,434,,,,
https://www.zillow.com/homedetails/1156-Cultivator-St-Mount-Pleasant-SC-29466/2082735469_zpid/,Oct 2014,NA,Oct 2015,NA,Oct 2016,NA,Sep 2017,NA,Sep 2018,NA,Listed for,NA
https://www.zillow.com/homedetails/1545-Glen-Erin-Dr-Mount-Pleasant-SC-29464/10933048_zpid/,Dec 2014,371,Jan 2016,400,Jan 2017,427,Dec 2017,425,Jan 2019,421,Feb 2020,435
https://www.zillow.com/homedetails/1629-Oahurst-Dr-Mount-Pleasant-SC-29466/62989999_zpid/,Dec 2014,415,Jan 2016,430,Jan 2017,427,Dec 2017,450,Jan 2019,430,Feb 2020,450
https://www.zillow.com/homedetails/1508-Fig-Vine-Ct-Mount-Pleasant-SC-29464/63781967_zpid/,Dec 2014,427,Jan 2016,470,Jan 2017,484,Dec 2017,469,Jan 2019,494,Listed for,483
https://www.zillow.com/homedetails/2720-Sarazen-Dr-Mount-Pleasant-SC-29466/61473436_zpid/,Dec 2014,358,Jan 2016,399,Jan 2017,393,Dec 2017,425,Jan 2019,401,Feb 2020,425
https://www.zillow.com/homedetails/1023-Provincial-Cir-Mount-Pleasant-SC-29464/10921808_zpid/,Dec 2014,280,Jan 2016,331,Jan 2017,324,Dec 2017,347,Jan 2019,329,Feb 2020,351
https://www.zillow.com/homedetails/3249-Beaconsfield-Rd-Mount-Pleasant-SC-29466/68394663_zpid/,Listed for,391,,,,,,,,,,
https://www.zillow.com/homedetails/1844-Hall-Point-Rd-Mount-Pleasant-SC-29466/82381957_zpid/,Dec 2014,414,Jan 2016,444,Jan 2017,427,Dec 2017,462,Jan 2019,444,Feb 2020,443
https://www.zillow.com/homedetails/1127-Old-Course-Ln-Mount-Pleasant-SC-29466/10942141_zpid/,Dec 2014,351,Jan 2016,381,Jan 2017,390,Dec 2017,401,Jan 2019,386,Feb 2020,398
https://www.zillow.com/homedetails/2263-Show-Baset-Way-Mount-Pleasant-SC-29466/122138279_zpid/,Dec 2014,362,Jan 2016,392,Jan 2017,420,Dec 2017,450,Jan 2019,464,Feb 2020,437
https://www.zillow.com/homedetails/764-Natchez-Cir-Mount-Pleasant-SC-29464/63781665_zpid/,Dec 2014,351,Jan 2016,355,Jan 2017,367,Dec 2017,395,Jan 2019,426,Feb 2020,418
https://www.zillow.com/homedetails/3754-Tupelo-Church-Ln-Mount-Pleasant-SC-29429/122138598_zpid/,Dec 2014,332,Jan 2016,360,Jan 2017,325,Dec 2017,414,Jan 2019,400,Feb 2020,409
https://www.zillow.com/homedetails/3845-Tupelo-Branch-Row-Mount-Pleasant-SC-29429/247523704_zpid/,Dec 2014,NA,Jan 2016,NA,Jan 2017,NA,Dec 2017,405,Jan 2019,418,Feb 2020,407
https://www.zillow.com/homedetails/2254-Triple-Crown-Ct-Awendaw-SC-29429/2078623188_zpid/,Oct 2014,NA,Oct 2015,NA,Oct 2016,NA,Sep 2017,NA,Sep 2018,NA,Sep 2019,NA
https://www.zillow.com/homedetails/3794-Sawmill-Ct-Awendaw-SC-29429/2078840942_zpid/,Today,437,Apr 2015,NA,Apr 2016,NA,Mar 2017,NA,Mar 2018,NA,Mar 2019,NA
https://www.zillow.com/homedetails/3821-Sawmill-Ct-Awendaw-SC-29429/2078066550_zpid/,Oct 2014,NA,Oct 2015,NA,Oct 2016,NA,Sep 2017,NA,Sep 2018,NA,Sep 2019,NA
https://www.zillow.com/homedetails/196-Sweet-Garden-Ct-Mount-Pleasant-SC-29464/10928859_zpid/,Dec 2014,326,Jan 2016,346,Jan 2017,358,Dec 2017,385,Jan 2019,402,Feb 2020,388
https://www.zillow.com/homedetails/3838-Sawmill-Ct-Awendaw-SC-29429/2078066562_zpid/,Oct 2014,NA,Oct 2015,NA,Oct 2016,NA,Sep 2017,NA,Sep 2018,NA,Sep 2019,NA
https://www.zillow.com/homedetails/2325-Chisol-Plow-St-Mount-Pleasant-SC-29466/2079671694_zpid/,Oct 2014,NA,Oct 2015,NA,Oct 2016,NA,Sep 2017,NA,Sep 2018,NA,Sep 2019,NA
https://www.zillow.com/homedetails/2631-Lohr-Dr-Mount-Pleasant-SC-29466/122138609_zpid/,Dec 2014,328,Jan 2016,356,Jan 2017,197,Dec 2017,423,Jan 2019,403,Feb 2020,417
,,,,,,,,,,,,
https://www.zillow.com/homedetails/1111-Harborgate-Dr-Mount-Pleasant-SC-29464/10922453_zpid/,Dec 2014,359,Jan 2016,389,Jan 2017,447,Dec 2017,518,Jan 2019,521,Feb 2020,572
https://www.zillow.com/homedetails/1171-Lazy-Ln-Mount-Pleasant-SC-29464/2146117038_zpid/,Dec 2014,286,Jan 2016,310,Jan 2017,385,Dec 2017,398,Jan 2019,409,Feb 2020,434
https://www.zillow.com/homedetails/1156-Cultivator-St-Mount-Pleasant-SC-29466/2082735469_zpid/,Oct 2014,NA,Oct 2015,NA,Oct 2016,NA,Sep 2017,NA,Sep 2018,NA,Listed for,NA
https://www.zillow.com/homedetails/1545-Glen-Erin-Dr-Mount-Pleasant-SC-29464/10933048_zpid/,Dec 2014,371,Jan 2016,400,Jan 2017,427,Dec 2017,425,Jan 2019,421,Feb 2020,435
https://www.zillow.com/homedetails/1629-Oahurst-Dr-Mount-Pleasant-SC-29466/62989999_zpid/,Dec 2014,415,Jan 2016,430,Jan 2017,427,Dec 2017,450,Jan 2019,430,Feb 2020,450
https://www.zillow.com/homedetails/1508-Fig-Vine-Ct-Mount-Pleasant-SC-29464/63781967_zpid/,Dec 2014,427,Jan 2016,470,Jan 2017,484,Dec 2017,469,Jan 2019,494,Listed for,483
https://www.zillow.com/homedetails/2720-Sarazen-Dr-Mount-Pleasant-SC-29466/61473436_zpid/,Dec 2014,358,Jan 2016,399,Jan 2017,393,Dec 2017,425,Jan 2019,401,Feb 2020,425
https://www.zillow.com/homedetails/1023-Provincial-Cir-Mount-Pleasant-SC-29464/10921808_zpid/,Dec 2014,280,Jan 2016,331,Jan 2017,324,Dec 2017,347,Jan 2019,329,Feb 2020,351
https://www.zillow.com/homedetails/3249-Beaconsfield-Rd-Mount-Pleasant-SC-29466/68394663_zpid/,Dec 2014,365,Jan 2016,357,Jan 2017,369,Dec 2017,403,Jan 2019,382,Feb 2020,382
https://www.zillow.com/homedetails/2263-Show-Baset-Way-Mount-Pleasant-SC-29466/122138279_zpid/,Dec 2014,362,Jan 2016,392,Jan 2017,420,Dec 2017,450,Jan 2019,464,Feb 2020,437
https://www.zillow.com/homedetails/764-Natchez-Cir-Mount-Pleasant-SC-29464/63781665_zpid/,Dec 2014,351,Jan 2016,355,Jan 2017,367,Dec 2017,395,Jan 2019,426,Feb 2020,418
https://www.zillow.com/homedetails/3845-Tupelo-Branch-Row-Mount-Pleasant-SC-29429/247523704_zpid/,Dec 2014,NA,Jan 2016,NA,Jan 2017,NA,Dec 2017,405,Jan 2019,418,Feb 2020,407
https://www.zillow.com/homedetails/3754-Tupelo-Church-Ln-Mount-Pleasant-SC-29429/122138598_zpid/,Dec 2014,332,Jan 2016,360,Jan 2017,325,Dec 2017,414,Jan 2019,400,Feb 2020,409
https://www.zillow.com/homedetails/2254-Triple-Crown-Ct-Awendaw-SC-29429/2078623188_zpid/,Oct 2014,NA,Oct 2015,NA,Oct 2016,NA,Sep 2017,NA,Sep 2018,NA,Sep 2019,NA
https://www.zillow.com/homedetails/3794-Sawmill-Ct-Awendaw-SC-29429/2078840942_zpid/,Oct 2014,NA,Oct 2015,NA,Oct 2016,NA,Sep 2017,NA,Sep 2018,NA,Sep 2019,NA
https://www.zillow.com/homedetails/3821-Sawmill-Ct-Awendaw-SC-29429/2078066550_zpid/,Oct 2014,NA,Oct 2015,NA,Oct 2016,NA,Sep 2017,NA,Sep 2018,NA,Sep 2019,NA
https://www.zillow.com/homedetails/196-Sweet-Garden-Ct-Mount-Pleasant-SC-29464/10928859_zpid/,Dec 2014,326,Jan 2016,346,Jan 2017,358,Dec 2017,385,Jan 2019,402,Feb 2020,388
https://www.zillow.com/homedetails/3838-Sawmill-Ct-Awendaw-SC-29429/2078066562_zpid/,Oct 2014,NA,Oct 2015,NA,Oct 2016,NA,Sep 2017,NA,Sep 2018,NA,Sep 2019,NA
https://www.zillow.com/homedetails/2325-Chisol-Plow-St-Mount-Pleasant-SC-29466/2079671694_zpid/,Oct 2014,NA,Oct 2015,NA,Oct 2016,NA,Sep 2017,NA,Sep 2018,NA,Sep 2019,NA
https://www.zillow.com/homedetails/2631-Lohr-Dr-Mount-Pleasant-SC-29466/122138609_zpid/,Dec 2014,328,Jan 2016,356,Jan 2017,197,Dec 2017,423,Jan 2019,403,Feb 2020,417
https://www.zillow.com/homedetails/1899-Falling-Cree-Cir-Mount-Pleasant-SC-29464/10931600_zpid/,Sold for,353,Jan 2016,379,Jan 2017,392,Dec 2017,439,Jan 2019,473,Feb 2020,460
,,,,,,,,,,,,
https://www.zillow.com/homedetails/2656-Lohr-Dr-Mount-Pleasant-SC-29466/108866660_zpid/,Dec 2014,337,Jan 2016,366,Jan 2017,385,Dec 2017,413,Jan 2019,395,Listed for,396
https://www.zillow.com/homedetails/3825-Sawmill-Ct-Awendaw-SC-29429/2078066554_zpid/,Oct 2014,NA,Oct 2015,NA,Oct 2016,NA,Sep 2017,NA,Sep 2018,NA,Sep 2019,NA
https://www.zillow.com/homedetails/3765-Sawmill-Ct-Awendaw-SC-29429/2078376373_zpid/,Oct 2014,NA,Oct 2015,NA,Oct 2016,NA,Sep 2017,NA,Sep 2018,NA,Sep 2019,NA
https://www.zillow.com/homedetails/3833-Sawmill-Ct-Awendaw-SC-29429/2078066553_zpid/,Oct 2014,NA,Oct 2015,NA,Oct 2016,NA,Sep 2017,NA,Sep 2018,NA,Sep 2019,NA
https://www.zillow.com/homedetails/3826-Sawmill-Ct-Awendaw-SC-29429/2078066557_zpid/,Oct 2014,NA,Oct 2015,NA,Oct 2016,NA,Sep 2017,NA,Sep 2018,NA,Sep 2019,NA
https://www.zillow.com/homedetails/1500-Cypress-Pointe-Dr-Mount-Pleasant-SC-29466/52906640_zpid/,Dec 2014,337,Jan 2016,363,Jan 2017,381,Dec 2017,382,Jan 2019,385,Feb 2020,381
https://www.zillow.com/homedetails/1133-Rifle-Range-Rd-Mount-Pleasant-SC-29464/10926028_zpid/,Dec 2014,271,Sold for,298,Jan 2017,307,Dec 2017,330,Jan 2019,382,Feb 2020,418
https://www.zillow.com/homedetails/3769-Sawmill-Ct-Awendaw-SC-29429/2079726154_zpid/,Oct 2014,NA,Oct 2015,NA,Oct 2016,NA,Sep 2017,NA,Sep 2018,NA,Sep 2019,NA
https://www.zillow.com/homedetails/1127-Old-Course-Ln-Mount-Pleasant-SC-29466/10942141_zpid/,Dec 2014,351,Jan 2016,381,Jan 2017,390,Dec 2017,401,Jan 2019,386,Feb 2020,398
https://www.zillow.com/homedetails/1491-Old-Williamston-Ct-Mount-Pleasant-SC-29464/10932673_zpid/,Dec 2014,273,Jan 2016,285,Jan 2017,319,Sold for,359,Jan 2019,372,Feb 2020,383
https://www.zillow.com/homedetails/3933-Percheron-Dr-Mount-Pleasant-SC-29429/247525147_zpid/,Dec 2014,NA,Sold for,NA,Jan 2017,NA,Dec 2017,424,Jan 2019,438,Feb 2020,448
https://www.zillow.com/homedetails/2596-ings-Gate-Ln-Mount-Pleasant-SC-29466/110232263_zpid/,Dec 2014,367,Jan 2016,398,Jan 2017,384,Dec 2017,394,Jan 2019,389,Feb 2020,384
https://www.zillow.com/homedetails/835-Osullivan-Dr-Mount-Pleasant-SC-29464/10932558_zpid/,Dec 2014,337,Jan 2016,362,Jan 2017,366,Dec 2017,372,Jan 2019,400,Feb 2020,406
https://www.zillow.com/homedetails/1183-Triple-Crown-Ct-Awendaw-SC-29429/2078122950_zpid/,Oct 2014,NA,Oct 2015,NA,Oct 2016,NA,Sep 2017,NA,Sep 2018,NA,Sep 2019,NA
https://www.zillow.com/homedetails/160-Palm-Cove-Way-Mount-Pleasant-SC-29466/82541454_zpid/,Dec 2014,278,Jan 2016,304,Jan 2017,358,Dec 2017,355,Jan 2019,355,Feb 2020,354
https://www.zillow.com/homedetails/3761-Sawmill-Ct-Awendaw-SC-29429/2079743639_zpid/,Oct 2014,NA,Oct 2015,NA,Oct 2016,NA,Sep 2017,NA,Sep 2018,NA,Sep 2019,NA
https://www.zillow.com/homedetails/1554-Moss-Spring-Rd-Mount-Pleasant-SC-29466/2079990632_zpid/,Oct 2014,NA,Oct 2015,NA,Oct 2016,NA,Sep 2017,NA,Sep 2018,NA,Sep 2019,NA
https://www.zillow.com/homedetails/2680-Lohr-Dr-Mount-Pleasant-SC-29466/122138992_zpid/,Listed for,NA,,,,,,,,,,
https://www.zillow.com/homedetails/1971-Trimbleston-Pl-Mount-Pleasant-SC-29464/10930052_zpid/,Dec 2014,316,Jan 2016,322,Jan 2017,340,Dec 2017,382,Jan 2019,366,Feb 2020,373
https://www.zillow.com/homedetails/1316-Wylls-Nc-Mount-Pleasant-SC-29464/10933260_zpid/,Dec 2014,311,Jan 2016,344,Jan 2017,336,Dec 2017,389,Jan 2019,419,Feb 2020,421
https://www.zillow.com/homedetails/1563-Moss-Spring-Rd-Mount-Pleasant-SC-29466/2079621061_zpid/,Oct 2014,NA,Oct 2015,NA,Oct 2016,NA,Sep 2017,NA,Sep 2018,NA,Sep 2019,NA
https://www.zillow.com/homedetails/1226-Llewellyn-Rd-Mount-Pleasant-SC-29464/10933289_zpid/,Dec 2014,290,Jan 2016,315,Jan 2017,328,Dec 2017,386,Jan 2019,411,Feb 2020,384
https://www.zillow.com/homedetails/1605-Prince-Edward-St-Mount-Pleasant-SC-29466/247530140_zpid/,Oct 2014,277,Oct 2015,349,Oct 2016,196,Sep 2017,212,Sold for,403,Sep 2019,411
https://www.zillow.com/homedetails/1165-Willoughby-Ln-Mount-Pleasant-SC-29466/61473755_zpid/,Dec 2014,316,Jan 2016,374,Jan 2017,373,Dec 2017,399,Jan 2019,412,Feb 2020,389
https://www.zillow.com/homedetails/1520-Boston-Grill-Rd-Mount-Pleasant-SC-29466/10937485_zpid/,Dec 2014,334,Jan 2016,272,Jan 2017,323,Dec 2017,299,Jan 2019,309,Feb 2020,319
https://www.zillow.com/homedetails/1149-N-Shadow-Dr-Mount-Pleasant-SC-29464/10928255_zpid/,Dec 2014,170,Jan 2016,311,Jan 2017,266,Dec 2017,284,Jan 2019,294,Feb 2020,312
https://www.zillow.com/homedetails/1446-Bowman-Rd-Mount-Pleasant-SC-29464/10933234_zpid/,Dec 2014,229,Jan 2016,304,Jan 2017,313,Dec 2017,337,Jan 2019,400,Feb 2020,420
https://www.zillow.com/homedetails/3616-Loclear-Ln-Mount-Pleasant-SC-29466/122140224_zpid/,Dec 2014,309,Jan 2016,352,Jan 2017,377,Dec 2017,364,Jan 2019,373,Feb 2020,372
https://www.zillow.com/homedetails/1540-Moss-Spring-Rd-Mount-Pleasant-SC-29466/2085035937_zpid/,Oct 2014,399,Oct 2015,374,Oct 2016,468,Sep 2017,466,Sep 2018,494,Listed for,425
,,,,,,,,,,,,
https://www.zillow.com/homedetails/3075-Morningdale-Dr-Mount-Pleasant-SC-29466/55641746_zpid/,Feb 2015,300,Mar 2016,331,Apr 2017,338,Apr 2018,348,May 2019,369,Jun 2020,374
https://www.zillow.com/homedetails/651-Spar-St-Mount-Pleasant-SC-29464/10927067_zpid/,Feb 2015,100,Nov 2016,235,Mar 2016,171,Apr 2017,200,Apr 2018,222,May 2019,245
https://www.zillow.com/homedetails/2946-Woodland-Par-Dr-Mount-Pleasant-SC-29466/68395192_zpid/,Feb 2015,449,Mar 2016,454,Apr 2017,488,Apr 2018,493,May 2019,465,Listed for,417
https://www.zillow.com/homedetails/100-Fair-Sailing-Rd-Mount-Pleasant-SC-29466/68017738_zpid/,Feb 2015,366,Mar 2016,385,Apr 2017,399,Apr 2018,427,May 2019,391,Jun 2020,389
https://www.zillow.com/homedetails/2566-ingsfield-St-Mount-Pleasant-SC-29466/2087909772_zpid/,Feb 2015,302,Mar 2016,347,Apr 2017,343,Apr 2018,373,May 2019,374,Jun 2020,387
https://www.zillow.com/homedetails/1565-Moss-Spring-Rd-Mount-Pleasant-SC-29466/2079621060_zpid/,Dec 2014,NA,Dec 2015,NA,Jan 2017,NA,Dec 2017,NA,Jan 2019,NA,Feb 2020,NA
https://www.zillow.com/homedetails/3837-Sawmill-Ct-Awendaw-SC-29429/2078066559_zpid/,Dec 2014,NA,Dec 2015,NA,Jan 2017,NA,Dec 2017,NA,Jan 2019,NA,Feb 2020,NA
https://www.zillow.com/homedetails/3068-Emma-Ln-Mount-Pleasant-SC-29466/2079363150_zpid/,Dec 2014,NA,Dec 2015,NA,Jan 2017,NA,Dec 2017,NA,Jan 2019,NA,Feb 2020,NA
https://www.zillow.com/homedetails/1784-Tennyson-Row-42-Mount-Pleasant-SC-29466/2078239141_zpid/,Dec 2014,NA,Dec 2015,NA,Jan 2017,NA,Dec 2017,NA,Jan 2019,NA,Feb 2020,NA
https://www.zillow.com/homedetails/220-Slipper-Shell-Ct-Mount-Pleasant-SC-29464/122139727_zpid/,Feb 2015,326,Mar 2016,359,Sold for,340,Apr 2018,363,May 2019,376,Jun 2020,380
https://www.zillow.com/homedetails/3817-Sawmill-Ct-Awendaw-SC-29429/2078066558_zpid/,Dec 2014,NA,Dec 2015,NA,Jan 2017,NA,Dec 2017,NA,Jan 2019,NA,Feb 2020,NA
https://www.zillow.com/homedetails/1546-Moss-Spring-Rd-Mount-Pleasant-SC-29466/2085030109_zpid/,Dec 2014,367,Dec 2015,276,Jan 2017,283,Dec 2017,364,Jan 2019,380,Feb 2020,391
https://www.zillow.com/homedetails/3052-Emma-Ln-Mount-Pleasant-SC-29466/2079364327_zpid/,Dec 2014,NA,Dec 2015,NA,Jan 2017,NA,Dec 2017,NA,Jan 2019,NA,Feb 2020,NA
https://www.zillow.com/homedetails/4025-Conant-Rd-Mount-Pleasant-SC-29466/110216021_zpid/,Feb 2015,346,Mar 2016,366,Apr 2017,382,Apr 2018,398,May 2019,363,Jun 2020,369
https://www.zillow.com/homedetails/2500-ings-Gate-Ln-Mount-Pleasant-SC-29466/122140285_zpid/,Listed for,385,,,,,,,,,,
https://www.zillow.com/homedetails/3040-Emma-Ln-Mount-Pleasant-SC-29466/2080882410_zpid/,Dec 2014,NA,Dec 2015,NA,Jan 2017,NA,Dec 2017,NA,Jan 2019,NA,Listed for,NA
https://www.zillow.com/homedetails/313-Etiwan-Pointe-Dr-Mount-Pleasant-SC-29464/122486265_zpid/,Feb 2015,346,Mar 2016,202,Sold for,348,Apr 2018,377,May 2019,391,Listed for,381
https://www.zillow.com/homedetails/3066-Emma-Ln-Mount-Pleasant-SC-29466/2079396501_zpid/,Dec 2014,NA,Dec 2015,NA,Jan 2017,NA,Dec 2017,NA,Jan 2019,NA,Feb 2020,NA
https://www.zillow.com/homedetails/1098-S-Shadow-Dr-Mount-Pleasant-SC-29464/10928316_zpid/,Feb 2015,131,Mar 2016,143,Apr 2017,150,Apr 2018,252,May 2019,284,Jun 2020,273
https://www.zillow.com/homedetails/454-Mount-Royall-Dr-Mount-Pleasant-SC-29464/10929946_zpid/,Feb 2015,315,Mar 2016,318,Apr 2017,341,Apr 2018,357,May 2019,382,Jun 2020,391
https://www.zillow.com/homedetails/3046-Emma-Ln-Mount-Pleasant-SC-29466/2078933858_zpid/,Dec 2014,NA,Dec 2015,NA,Jan 2017,NA,Dec 2017,NA,Jan 2019,NA,Feb 2020,NA
https://www.zillow.com/homedetails/1258-Lae-Mallard-Blvd-Mount-Pleasant-SC-29464/10933205_zpid/,Feb 2015,216,Mar 2016,238,Apr 2017,318,Apr 2018,327,May 2019,320,Jun 2020,360
https://www.zillow.com/homedetails/1093-Willoughby-Ln-Mount-Pleasant-SC-29466/61473787_zpid/,Feb 2015,278,Mar 2016,315,Apr 2017,338,Apr 2018,342,May 2019,352,Jun 2020,346
https://www.zillow.com/homedetails/248-Fair-Sailing-Rd-Mount-Pleasant-SC-29466/82548388_zpid/,Feb 2015,362,Mar 2016,390,Apr 2017,388,Apr 2018,402,May 2019,393,Jun 2020,369
https://www.zillow.com/homedetails/2072-ings-Gate-Ln-Mount-Pleasant-SC-29466/110205725_zpid/,Feb 2015,314,Mar 2016,349,Apr 2017,374,Apr 2018,376,May 2019,380,Jun 2020,377
https://www.zillow.com/homedetails/2876-Sunchaser-Ln-Mount-Pleasant-SC-29466/122138970_zpid/,Feb 2015,307,Mar 2016,331,Apr 2017,347,Apr 2018,366,May 2019,371,Jun 2020,359
https://www.zillow.com/homedetails/1686-Bridwell-Ln-Mount-Pleasant-SC-29466/247522287_zpid/,Feb 2015,NA,Mar 2016,NA,Apr 2017,328,Apr 2018,349,May 2019,361,Jun 2020,355
https://www.zillow.com/homedetails/1522-Boston-Grill-Rd-Mount-Pleasant-SC-29466/2087626914_zpid/,Today,435,,,,,,,,,,
https://www.zillow.com/homedetails/1516-Oldenburg-Dr-Mount-Pleasant-SC-29429/125935269_zpid/,Feb 2015,257,Mar 2016,280,Apr 2017,292,Apr 2018,316,May 2019,326,Listed for,332
,,,,,,,,,,,,
https://www.zillow.com/homedetails/1045-Provincial-Cir-UNIT-A-Mount-Pleasant-SC-29464/10921789_zpid/,Feb 2015,220,Mar 2016,232,Apr 2017,269,Apr 2018,268,May 2019,301,Jun 2020,311
https://www.zillow.com/homedetails/2741-Palmetto-Hall-Blvd-Mount-Pleasant-SC-29466/55641409_zpid/,Feb 2015,274,Mar 2016,305,Apr 2017,319,Apr 2018,330,May 2019,338,Jun 2020,345
https://www.zillow.com/homedetails/3076-Emma-Ln-Mount-Pleasant-SC-29466/2078029540_zpid/,Dec 2014,NA,Dec 2015,NA,Jan 2017,NA,Dec 2017,NA,Jan 2019,NA,Feb 2020,NA
https://www.zillow.com/homedetails/3533-Ashwyce-St-Mount-Pleasant-SC-29466/62990200_zpid/,Feb 2015,268,Mar 2016,314,Apr 2017,326,Apr 2018,348,May 2019,349,Jun 2020,348
https://www.zillow.com/homedetails/368-6th-Ave-Mount-Pleasant-SC-29464/10921392_zpid/,Listed for,474,,,,,,,,,,
https://www.zillow.com/homedetails/120-Palm-Cove-Way-Mount-Pleasant-SC-29466/82543158_zpid/,Feb 2015,303,Mar 2016,380,Apr 2017,378,Sold for,352,May 2019,369,Jun 2020,375
https://www.zillow.com/homedetails/1307-Gilead-Rd-Mount-Pleasant-SC-29466/10939507_zpid/,Feb 2015,269,Mar 2016,301,Apr 2017,320,Apr 2018,332,May 2019,332,Listed for,337
https://www.zillow.com/homedetails/3478-Ashwyce-St-Mount-Pleasant-SC-29466/62990190_zpid/,Feb 2015,274,Mar 2016,307,Apr 2017,323,Sold for,303,May 2019,317,Listed for,323
https://www.zillow.com/homedetails/102-Garmouth-Ct-Mount-Pleasant-SC-29466/82546563_zpid/,Feb 2015,344,Mar 2016,326,Apr 2017,337,Apr 2018,366,May 2019,335,Jun 2020,338
https://www.zillow.com/homedetails/1118-Hidden-Cove-Dr-9-Mount-Pleasant-SC-29464/2077964693_zpid/,Dec 2014,NA,Dec 2015,NA,Jan 2017,NA,Dec 2017,NA,Jan 2019,NA,Feb 2020,NA
https://www.zillow.com/homedetails/1568-Wellesley-Cir-Mount-Pleasant-SC-29466/61473585_zpid/,Feb 2015,263,Mar 2016,299,Apr 2017,310,Apr 2018,315,May 2019,332,Jun 2020,344
https://www.zillow.com/homedetails/3659-Bagley-Dr-Mount-Pleasant-SC-29466/110219517_zpid/,Feb 2015,277,Mar 2016,297,Apr 2017,307,Apr 2018,321,Sold for,321,Jun 2020,321
https://www.zillow.com/homedetails/3468-Claremont-St-Mount-Pleasant-SC-29466/82544619_zpid/,Feb 2015,259,Mar 2016,267,Apr 2017,310,Apr 2018,314,May 2019,313,Jun 2020,316
https://www.zillow.com/homedetails/2616-Turben-Pl-Mount-Pleasant-SC-29466/52906446_zpid/,Feb 2015,276,Mar 2016,312,Apr 2017,336,Apr 2018,340,May 2019,300,Listed for,347
https://www.zillow.com/homedetails/363-Spoonbill-Ln-APT-B-Mount-Pleasant-SC-29464/2086208743_zpid/,Dec 2014,NA,Dec 2015,NA,Jan 2017,NA,Dec 2017,NA,Jan 2019,NA,Feb 2020,NA
https://www.zillow.com/homedetails/2412-Cotton-Cree-Dr-Mount-Pleasant-SC-29466/10938665_zpid/,Feb 2015,300,Mar 2016,332,Apr 2017,351,Apr 2018,358,May 2019,341,Jun 2020,347
https://www.zillow.com/homedetails/1271-Chatfield-St-Mount-Pleasant-SC-29464/10932687_zpid/,Feb 2015,262,Mar 2016,293,Apr 2017,308,Apr 2018,345,May 2019,329,Listed for,353
https://www.zillow.com/homedetails/2200-Belle-Isle-Ave-UNIT-303-Mount-Pleasant-SC-29464/2146628428_zpid/,Dec 2014,267,Dec 2015,247,Jan 2017,265,Dec 2017,331,Jan 2019,336,Listed for,323
https://www.zillow.com/homedetails/1349-Hamlin-Par-Cir-Mount-Pleasant-SC-29466/82548374_zpid/,Feb 2015,257,Mar 2016,298,Apr 2017,312,Apr 2018,331,May 2019,327,Jun 2020,325
https://www.zillow.com/homedetails/1050-Marsh-Court-Ln-Mount-Pleasant-SC-29464/10927772_zpid/,Dec 2014,209,Jan 2016,221,Jan 2017,226,Dec 2017,246,Jan 2019,264,Feb 2020,284
https://www.zillow.com/homedetails/128-Fair-Sailing-Rd-Mount-Pleasant-SC-29466/68397885_zpid/,Feb 2015,222,Mar 2016,275,Apr 2017,285,Apr 2018,304,May 2019,334,Jun 2020,331
https://www.zillow.com/homedetails/1817-Rifle-Range-Rd-Mount-Pleasant-SC-29464/10933804_zpid/,Feb 2015,NA,Mar 2016,NA,Sep 2020,NA,,,,,,
,,,,,,,,,,,,
https://www.zillow.com/homedetails/1473-Cambridge-Laes-Dr-Mount-Pleasant-SC-29464/68394406_zpid/,Feb 2015,178.8,Mar 2016,228.9,Apr 2017,226.6,Sold for,224.3,May 2019,240.5,Jun 2020,243.2
https://www.zillow.com/homedetails/1236-White-Flat-Rd-Mount-Pleasant-SC-29464/2079712743_zpid/,Dec 2014,NA,Dec 2015,NA,Jan 2017,NA,Dec 2017,NA,Jan 2019,NA,Feb 2020,NA
https://www.zillow.com/homedetails/244-Fair-Sailing-Rd-37-Mount-Pleasant-SC-29466/2082060215_zpid/,Dec 2014,NA,Dec 2015,NA,Jan 2017,NA,Dec 2017,NA,Jan 2019,NA,Feb 2020,265.5
https://www.zillow.com/homedetails/1100-Legends-Club-Dr-1027-Mount-Pleasant-SC-29466/82545519_zpid/,Feb 2015,250.0,Mar 2016,208.9,Apr 2017,226.0,Apr 2018,234.3,May 2019,264.2,Jun 2020,261.0
https://www.zillow.com/homedetails/268-Fair-Sailing-Rd-43-Mount-Pleasant-SC-29466/2077931707_zpid/,Listed for,NA,,,,,,,,,,
https://www.zillow.com/homedetails/1807-Parc-Vue-Ave-Mount-Pleasant-SC-29464/68394309_zpid/,Listed for,254.9,,,,,,,,,,
https://www.zillow.com/homedetails/1121-Village-Cree-Ln-1602-Mount-Pleasant-SC-29464/10927378_zpid/,Listed for,250.0,,,,,,,,,,
https://www.zillow.com/homedetails/1718-Chatelain-Way-Mount-Pleasant-SC-29464/2094999464_zpid/,Listed for,NA,,,,,,,,,,
https://www.zillow.com/homedetails/1453-Cambridge-Laes-Dr-303-Mount-Pleasant-SC-29464/2078030964_zpid/,Listed for,NA,,,,,,,,,,
https://www.zillow.com/homedetails/1481-Center-St-1505-Mount-Pleasant-SC-29464/2078672570_zpid/,Today,248.0,,,,,,,,,,
https://www.zillow.com/homedetails/1445-Cambridge-Laes-Dr-Mount-Pleasant-SC-29464/63781854_zpid/,Listed for,244.9,,,,,,,,,,
https://www.zillow.com/homedetails/2369-ings-Gate-Ln-Mount-Pleasant-SC-29466/82545322_zpid/,Listed for,245.0,,,,,,,,,,
https://www.zillow.com/homedetails/1481-Center-St-UNIT-1903-Mount-Pleasant-SC-29464/2078884899_zpid/,Today,239.9,,,,,,,,,,
https://www.zillow.com/homedetails/1300-Par-West-Blvd-UNIT-619-Mount-Pleasant-SC-29466/82542445_zpid/,Listed for,239.9,,,,,,,,,,
https://www.zillow.com/homedetails/1717-Greystone-Blvd-APT-13-Mount-Pleasant-SC-29464/10930273_zpid/,Listed for,239.0,,,,,,,,,,
https://www.zillow.com/homedetails/1420-Fairmont-Ave-22-3-Mount-Pleasant-SC-29464/2077972096_zpid/,Listed for,NA,Jan 2017,NA,Dec 2017,NA,Jan 2019,NA,Feb 2020,NA,,
https://www.zillow.com/homedetails/272-Alexandra-Dr-UNIT-10-Mount-Pleasant-SC-29464/80215000_zpid/,Dec 2014,NA,Sold for,NA,Jan 2017,NA,Dec 2017,NA,Jan 2019,NA,Listed for,NA
https://www.zillow.com/homedetails/2200-Belle-Isle-Ave-B3-103-Mount-Pleasant-SC-29464/2078801792_zpid/,Dec 2014,NA,Dec 2015,NA,Jan 2017,NA,Dec 2017,NA,Jan 2019,NA,Feb 2020,NA
https://www.zillow.com/homedetails/271-Alexandra-Dr-UNIT-13-Mount-Pleasant-SC-29464/2127403864_zpid/,Feb 2015,152.1,Mar 2016,187.6,Apr 2017,196.2,Apr 2018,244.0,May 2019,217.4,Jun 2020,244.5
https://www.zillow.com/homedetails/2325-Chatelain-Way-Mount-Pleasant-SC-29464/80214658_zpid/,Feb 2015,173.3,Mar 2016,205.2,Apr 2017,212.8,Sold for,222.0,May 2019,235.7,Listed for,238.6
https://www.zillow.com/homedetails/1240-Fairmont-Ave-10-2-Mount-Pleasant-SC-29464/2078955612_zpid/,Dec 2014,NA,Dec 2015,NA,Jan 2017,NA,Dec 2017,NA,Jan 2019,NA,Feb 2020,NA
https://www.zillow.com/homedetails/1151-Shadow-Lae-Cir-APT-L-Mount-Pleasant-SC-29464/10935087_zpid/,Feb 2015,128.2,Mar 2016,153.7,Apr 2017,173.4,Apr 2018,174.2,May 2019,188.9,Jun 2020,196.8
https://www.zillow.com/homedetails/1738-Villa-Maison-Mount-Pleasant-SC-29464/2132808478_zpid/,Feb 2015,167.4,Mar 2016,184.7,Apr 2017,190.6,Apr 2018,203.0,May 2019,210.7,Jun 2020,281.3
,,,,,,,,,,,,
https://www.zillow.com/homedetails/1859-Montclair-Dr-UNIT-D-Mount-Pleasant-SC-29464/63781788_zpid/,Feb 2015,161.2,Mar 2016,178.0,Apr 2017,169.5,Apr 2018,180.0,May 2019,186.5,Jun 2020,213.6
https://www.zillow.com/homedetails/1131-Village-Cree-Ln-APT-1-Mount-Pleasant-SC-29464/10927440_zpid/,Feb 2015,136.9,Mar 2016,175.2,Apr 2017,191.9,Apr 2018,207.5,May 2019,230.8,Jun 2020,222.1
https://www.zillow.com/homedetails/2011-N-Highway-17-UNIT-2300B-Mount-Pleasant-SC-29466/80214960_zpid/,Feb 2015,164.5,Mar 2016,200.4,,,,,,,,
https://www.zillow.com/homedetails/265-Alexandra-Dr-UNIT-13-Mt-Pleasant-SC-29464/2118555398_zpid/,Feb 2015,129.2,Mar 2016,139.3,Apr 2017,145.3,Apr 2018,224.5,May 2019,208.5,Listed for,217.5
https://www.zillow.com/homedetails/1130-Silent-Harbor-Ct-APT--Mount-Pleasant-SC-29464/2082608365_zpid/,Dec 2014,NA,Dec 2015,NA,Jan 2017,NA,Dec 2017,NA,Jan 2019,NA,Listed for,211.2
https://www.zillow.com/homedetails/1858-Montclair-Dr-Mount-Pleasant-SC-29464/68394358_zpid/,Feb 2015,119.1,Sold for,136.7,Apr 2017,142.2,Apr 2018,151.4,May 2019,174.8,Listed for,213.5
https://www.zillow.com/homedetails/273-Alexandra-Dr-UNIT-2-Mount-Pleasant-SC-29464/2106096675_zpid/,Dec 2014,NA,Dec 2015,NA,Jan 2017,NA,Dec 2017,NA,Jan 2019,NA,Feb 2020,NA
https://www.zillow.com/homedetails/1731-Chatelain-Way-Mount-Pleasant-SC-29464/80217848_zpid/,Sold for,163.9,Mar 2016,157.1,Apr 2018,220.2,May 2019,227.7,Jun 2020,220.5,,
https://www.zillow.com/homedetails/1226-Fairmont-Ave-APT-4C-Mount-Pleasant-SC-29464/10924122_zpid/,Feb 2015,136.4,Mar 2016,167.4,Apr 2017,185.4,Apr 2018,196.8,May 2019,231.8,Listed for,222.8
https://www.zillow.com/homedetails/1715-Basildon-Rd-Mount-Pleasant-SC-29466/82541306_zpid/,Feb 2015,163.1,Mar 2016,192.7,Apr 2017,192.3,Apr 2018,211.9,May 2019,216.9,Jun 2020,212.8
https://www.zillow.com/homedetails/2011-N-Highway-17-UNIT-2300L-Mount-Pleasant-SC-29466/80213302_zpid/,Feb 2015,163.7,Mar 2016,199.1,Apr 2017,209.3,Apr 2018,212.3,May 2019,208.9,Jun 2020,206.0
https://www.zillow.com/homedetails/1300-Par-West-Blvd-UNIT-818-Mount-Pleasant-SC-29466/82390466_zpid/,Feb 2015,122.5,Mar 2016,140.2,Apr 2017,148.1,Apr 2018,145.9,May 2019,153.0,Listed for,205.3
https://www.zillow.com/homedetails/1481-Center-Street-Ext-APT-1304-Mount-Pleasant-SC-29464/68397799_zpid/,Feb 2015,130.1,Mar 2016,146.1,Apr 2017,162.2,Apr 2018,175.4,May 2019,194.0,Listed for,210.4
https://www.zillow.com/homedetails/1481-Center-Street-Ext-APT-2001-Mount-Pleasant-SC-29464/68397851_zpid/,Feb 2015,132.1,Sold for,143.3,Apr 2017,149.0,Apr 2018,158.7,May 2019,191.9,Listed for,207.2
https://www.zillow.com/homedetails/2011-N-Highway-17-UNIT-2200S-Mount-Pleasant-SC-29466/80214521_zpid/,Feb 2015,101.2,Mar 2016,157.1,Apr 2017,176.2,Apr 2018,204.0,May 2019,210.6,Listed for,211.6
https://www.zillow.com/homedetails/1300-Par-West-Blvd-UNIT-1123-Mount-Pleasant-SC-29466/82542909_zpid/,Feb 2015,129.2,Mar 2016,156.0,Apr 2017,151.8,Sold for,154.0,May 2019,160.9,Jun 2020,163.9
https://www.zillow.com/homedetails/1481-Center-Street-Ext-APT-702-Mount-Pleasant-SC-29464/68397751_zpid/,Feb 2015,130.1,Mar 2016,144.8,Apr 2017,149.9,Apr 2018,159.0,May 2019,164.9,Jun 2020,206.8
https://www.zillow.com/homedetails/1300-Par-West-Blvd-UNIT-403-Mount-Pleasant-SC-29466/82542711_zpid/,Feb 2015,126.5,Mar 2016,143.7,Apr 2017,149.3,Apr 2018,159.4,May 2019,175.8,Listed for,171.2
https://www.zillow.com/homedetails/1300-Par-West-Blvd-UNIT-1104-Mount-Pleasant-SC-29466/82548475_zpid/,Dec 2014,NA,Dec 2015,NA,Jan 2017,NA,Dec 2017,NA,Jan 2019,NA,Feb 2020,NA